fips,year,county,corn_yield,lag1_yield,year_centered,w01_early_tavg,w02_early_prcp,w03_repro_tavg,w04_repro_prcp,w05_grainfill_tavg,w06_grainfill_prcp,e01_hot_days_30,e02_heat_above_35,e03_longest_dry_spell,e04_max_5day_prcp
18001,2001,ADAMS,154.8,141.7,1,18.7327868852459,209.96,22.763870967741934,142.01,19.894426229508195,193.91,13,0,10,56.28000000000003
18001,2002,ADAMS,93.7,154.8,2,18.09245901639344,171.82999999999998,24.970645161290324,82.96,21.85983606557377,155.29999999999998,22,0.259999999999998,9,57.33
18001,2003,ADAMS,132.9,93.7,3,16.95622950819672,308.63,22.29,255.37,19.763934426229508,307.25,5,0,8,185.39000000000004
18001,2004,ADAMS,165.3,132.9,4,18.966229508196722,290.44,21.729032258064517,131.27,19.594754098360657,198.62,6,0,7,104.91
18001,2005,ADAMS,139.1,165.3,5,18.431311475409835,116.58,23.776774193548388,100.56,21.744426229508196,189.39,14,0,9,38.330000000000005
18001,2006,ADAMS,147.1,139.1,6,17.819016393442624,217.88,23.926774193548386,96.69,19.51983606557377,142.85,12,0,7,69.52
18001,2007,ADAMS,142.1,147.1,7,20.202786885245903,74.44,21.866451612903226,65.28,21.738196721311475,278.23,7,0,7,36.019999999999996
18001,2008,ADAMS,150,142.1,8,17.91704918032787,269.90999999999997,22.634516129032257,80.19,20.564098360655738,105.41,8,0,21,61.09
18001,2009,ADAMS,167,150,9,18.499344262295082,188.62,20.498064516129034,61.43,19.654426229508196,101.27,1,0,9,42.22
18001,2010,ADAMS,143.6,167,10,19.930819672131147,336.28,24.436129032258066,96.66,21.46049180327869,120.27,19,0,9,77.52000000000001
18001,2011,ADAMS,146.9,143.6,11,19.032131147540984,276.3,26.116129032258065,23.19,19.80655737704918,261.13,28,6.36999999999999,11,86.68
18001,2012,ADAMS,111.8,146.9,12,20.823770491803277,103.46000000000001,25.919354838709676,96.79,19.509836065573772,245.56,25,12.910000000000004,12,45.620000000000005
18001,2013,ADAMS,176.7,111.8,13,19.4972131147541,179.74,22.260645161290324,113.57,19.770491803278688,139.47,8,0,12,60.72
18001,2014,ADAMS,183.3,176.7,14,19.18918032786885,239.48000000000002,20.28,84.26,19.435737704918033,243.12,1,0,8,76.39
18001,2015,ADAMS,103.5,183.3,15,19.208524590163933,447.57,21.877741935483872,226.98,20.67737704918033,157.84,4,0,6,129.44
18001,2016,ADAMS,159.5,103.5,16,18.6072131147541,178.76,23.300645161290323,53.33,22.088032786885247,238.37,15,0,12,38.96000000000001
18001,2017,ADAMS,169.8,159.5,17,18.125573770491805,333.49,22.43806451612903,140.75,19.650163934426228,109.66,3,0,12,77.89
18001,2018,ADAMS,194.5,169.8,18,21.108360655737705,250.86,22.723225806451612,75.97,21.568524590163936,259.28,12,0,7,95.15
18001,2019,ADAMS,169.7,194.5,19,18.27606557377049,296.01,24.475161290322582,113.33,20.963606557377048,129.08,18,0,7,62.48000000000002
18001,2020,ADAMS,179.9,169.7,20,18.324426229508198,184.22,24.738709677419354,81.85000000000001,19.86622950819672,139.32999999999998,20,0,17,83.83000000000001
18003,2001,ALLEN,150.2,135.3,1,18.34327868852459,203.42,22.516774193548386,123.92,19.693934426229507,207.4,13,0,10,58.379999999999995
18003,2002,ALLEN,116.1,150.2,2,17.60983606557377,196.44,24.661290322580644,73.29,21.45377049180328,135.45,21,0.10999999999999943,11,69.13
18003,2003,ALLEN,151.8,116.1,3,16.741147540983608,273.89,22.12516129032258,230.44,19.621803278688525,285.07,6,0,8,155.98000000000002
18003,2004,ALLEN,156.5,151.8,4,18.659016393442624,313.33,21.768064516129034,141.42,19.408524590163935,167.36,7,0,4,97.48000000000002
18003,2005,ALLEN,157.2,156.5,5,18.248524590163935,97.86,23.74741935483871,131.7,21.50393442622951,158.66,17,0,9,43.72
18003,2006,ALLEN,165.3,157.2,6,17.665737704918033,221.26999999999998,23.684838709677418,119.53,19.266065573770494,157.49,12,0,7,82.23
18003,2007,ALLEN,157.2,165.3,7,19.944754098360654,87.25999999999999,21.941935483870967,73.03,21.32049180327869,287.13,8,0,10,43.099999999999994
18003,2008,ALLEN,151,157.2,8,17.57622950819672,236.29,22.541612903225808,79.45,20.561311475409838,131.45,9,0,13,46.61
18003,2009,ALLEN,177,151,9,18.19573770491803,176.97,20.136451612903226,85.17,19.39967213114754,148.65,1,0,5,38.14999999999999
18003,2010,ALLEN,150.7,177,10,19.887377049180326,311.48,24.414516129032258,78.17,20.991967213114755,106.92,19,0,9,79.4
18003,2011,ALLEN,131.6,150.7,11,19.042459016393444,269.08,25.99741935483871,30.66,19.594754098360657,241.18,28,5.579999999999991,10,102.49999999999999
18003,2012,ALLEN,109,131.6,12,20.570655737704918,73.41,26.159354838709678,88.7,19.19672131147541,194.89000000000001,25,18.450000000000003,12,45.08
18003,2013,ALLEN,180.7,109,13,19.375245901639342,206.69,22.08774193548387,88.99,19.682131147540982,135.14000000000001,7,0,8,74.71
18003,2014,ALLEN,185.8,180.7,14,18.9,234.44,20.070645161290322,62.699999999999996,19.347377049180327,230.44,1,0,7,85.41
18003,2015,ALLEN,120.7,185.8,15,19.08672131147541,400.27,21.52935483870968,163.81,20.388032786885248,159.23000000000002,4,0,6,106.54000000000002
18003,2016,ALLEN,157.9,120.7,16,18.424918032786884,208.77,23.30290322580645,47.11,22.008360655737704,213.66,18,0,12,53.93000000000001
18003,2017,ALLEN,167.6,157.9,17,18.029016393442625,341.48,22.511612903225807,135.29,19.524426229508197,120.19,4,0,7,76.62
18003,2018,ALLEN,181.7,167.6,18,20.790655737704917,249.64000000000001,22.891612903225806,76.74,21.554098360655736,236.19,12,0,10,83
18003,2019,ALLEN,182,181.7,19,17.887868852459018,249.07,24.288064516129033,107.35,20.70672131147541,186,17,0,7,42.44
18003,2020,ALLEN,165.2,182,20,17.974918032786885,157.41,24.395806451612902,76.64,19.63639344262295,140.24,20,0,17,80.05
18003,2021,ALLEN,197.4,165.2,21,18.34229508196721,248.1,22.649354838709677,140.13,21.347868852459015,190.84,9,0,8,65.14999999999999
18005,2001,BARTHOLOMEW,159.7,153.7,1,19.80295081967213,242.7,23.558064516129033,134.47,21.075901639344263,231.21,15,0,8,50.84000000000003
18005,2002,BARTHOLOMEW,108.2,159.7,2,19.277377049180327,344.52,25.3,43.95,22.96344262295082,179.55,24,0,9,101.67000000000002
18005,2003,BARTHOLOMEW,137.3,108.2,3,18.397540983606557,279.48,23.41,207.76,20.73967213114754,207.82,8,0,15,108.20000000000005
18005,2004,BARTHOLOMEW,166.7,137.3,4,20.884754098360656,283.18,22.81,151.46,20.610983606557376,120.08,12,0,13,84.32000000000001
18005,2005,BARTHOLOMEW,145.3,166.7,5,19.255737704918033,216.42,24.279032258064515,99.14999999999999,22.75344262295082,260.03000000000003,18,0,10,76.14
18005,2006,BARTHOLOMEW,153.5,145.3,6,18.62016393442623,272.61,24.128387096774194,113.81,20.61672131147541,248.03,15,0,7,55.52
18005,2007,BARTHOLOMEW,141.5,153.5,7,21.074754098360657,107.67999999999999,22.441612903225806,68.95,23.83754098360656,116.86,11,0,11,32.89999999999999
18005,2008,BARTHOLOMEW,141,141.5,8,18.852131147540984,390.12,23.258387096774193,120.44,21.188852459016392,90.78999999999999,13,0,16,117.26000000000002
18005,2009,BARTHOLOMEW,175,141,9,19.937868852459015,297.48,20.85258064516129,184.27,20.43344262295082,235.54,1,0,6,79.63000000000001
18005,2010,BARTHOLOMEW,129.9,175,10,21.09377049180328,363.51,24.87516129032258,50.98,22.569180327868853,37.85,20,0,9,88.15
18005,2011,BARTHOLOMEW,120.7,129.9,11,19.874426229508195,335.55,26.53322580645161,35.199999999999996,20.948032786885246,179.26,25,2.8699999999999903,16,87.43
18005,2012,BARTHOLOMEW,78.8,120.7,12,21.360983606557376,76.52,27.18,48.05,20.704590163934427,198.39999999999998,27,21.38000000000001,10,32.12
18005,2013,BARTHOLOMEW,176.6,78.8,13,20.24983606557377,201.02,22.811612903225807,57.449999999999996,21.2655737704918,103.42,10,0,13,46.95000000000002
18005,2014,BARTHOLOMEW,200.3,176.6,14,20.30950819672131,238.33,21.09032258064516,139.75,20.49344262295082,148.65,4,0,8,66.51
18005,2015,BARTHOLOMEW,161,200.3,15,20.564098360655738,266.69,23.126451612903224,277.45,21.345081967213115,107.7,11,0,11,124.04000000000002
18005,2016,BARTHOLOMEW,171.2,161,16,19.769344262295082,157.1,23.738064516129032,175.63,23.099836065573772,335.94,13,0,7,78.26999999999998
18005,2021,BARTHOLOMEW,200,187.5,21,19.10311475409836,296.56,23.372258064516128,200.89000000000001,22.285409836065572,230.98,11,0,8,90.27999999999997
18007,2001,BENTON,159.3,139.3,1,19.03688524590164,178.64000000000001,22.798709677419353,133.38,19.711967213114754,187.31,14,0,8,61.129999999999995
18007,2002,BENTON,160.1,159.3,2,18.234098360655736,209.05,24.468387096774194,116.51,20.818852459016394,196.73,20,0.03999999999999915,11,70.56
18007,2003,BENTON,164.1,160.1,3,17.30639344262295,216.41,22.365806451612904,276.49,19.961311475409836,245.73,9,0,11,140.47
18007,2004,BENTON,170.8,164.1,4,19.26049180327869,373.83,21.77516129032258,100.92999999999999,19.345245901639345,210.46,4,0,7,160.19000000000003
18007,2005,BENTON,166,170.8,5,19.113114754098362,88.11,23.46290322580645,155.22,21.77327868852459,201.37,13,0,8,60.44
18007,2006,BENTON,167.2,166,6,18.081147540983608,195.42,23.99967741935484,142.68,19.470655737704917,194.98,14,0,7,66.23
18007,2007,BENTON,170.5,167.2,7,20.33672131147541,130.18,21.36225806451613,68.92999999999999,22.08672131147541,152.96,5,0,7,45.639999999999986
18007,2008,BENTON,187,170.5,8,17.952295081967215,266.59,22.502903225806453,102.74,19.93262295081967,202.1,8,0,7,78.59000000000002
18007,2009,BENTON,185,187,9,18.987377049180328,252.57999999999998,20.26290322580645,75.94,19.32688524590164,110.59,0,0,11,98.08999999999999
18007,2010,BENTON,165.9,185,10,20.239016393442622,376.77,24.383870967741935,83.07,21.305245901639346,141.75,17,0,9,80.32
18007,2011,BENTON,165.5,165.9,11,19.131639344262293,279.33,25.67516129032258,73.24,19.688360655737704,186.82999999999998,22,4.510000000000005,14,82.71000000000001
18007,2012,BENTON,116.9,165.5,12,20.705573770491803,145.10999999999999,26.225161290322582,43.68,19.42622950819672,237.57,28,19.370000000000005,7,39.72
18007,2013,BENTON,181.1,116.9,13,19.50672131147541,263.84999999999997,21.88806451612903,56.86,20.404754098360655,119.99,7,0,9,74.10999999999999
18007,2014,BENTON,202.4,181.1,14,19.465737704918034,303.84,19.976451612903226,103.09,19.467540983606558,260.84,1,0,7,77.63
18007,2015,BENTON,169.3,202.4,15,19.42081967213115,406.43,22.066451612903226,182.63,20.621311475409836,167.95,7,0,6,102.14000000000004
18007,2016,BENTON,199.2,169.3,16,18.90983606557377,172.47,22.851290322580645,160.27,22.088032786885247,261.17,9,0,12,88.97
18007,2017,BENTON,199.2,199.2,17,18.332131147540984,306.48,22.933870967741935,120.28,19.56655737704918,147.13,9,0,9,80.02000000000001
18007,2018,BENTON,201.7,199.2,18,21.64688524590164,238.81,22.55548387096774,61.21,21.585573770491802,219.49,9,0,6,78.94999999999999
18007,2019,BENTON,186.2,201.7,19,18.38213114754098,248.51,24.162258064516127,71.86,21.154754098360655,149.57,18,0,12,54.66999999999999
18007,2020,BENTON,204.5,186.2,20,18.57918032786885,199.06,23.988387096774193,101.28,19.64672131147541,116.16,14,0,10,72.11
18007,2021,BENTON,190,204.5,21,19.00311475409836,291.21,22.612903225806452,114.12,21.9627868852459,130.22,10,0,11,101.08000000000001
18009,2001,BLACKFORD,160.9,144.8,1,18.928688524590164,230.37,22.752903225806453,123.44,19.85704918032787,221.45,12,0,10,64.09
18009,2002,BLACKFORD,101.1,160.9,2,18.327540983606557,197.57,24.82709677419355,73.10000000000001,21.794426229508197,187.54999999999998,24,0.04999999999999716,9,68.69999999999999
18009,2003,BLACKFORD,135.9,101.1,3,17.469016393442622,258.77,22.18548387096774,229.53,19.97311475409836,328.3,7,0,7,177.40999999999997
18009,2004,BLACKFORD,155,135.9,4,19.361475409836064,276.05,21.880645161290325,104.56,19.69950819672131,143.31,8,0,5,104.86999999999998
18009,2005,BLACKFORD,154.5,155,5,18.644754098360657,106.27,23.758709677419354,84.17999999999999,21.76295081967213,247.46,15,0,9,35.010000000000005
18009,2006,BLACKFORD,151.7,154.5,6,17.808524590163934,242.89,23.856451612903225,103.98,19.65655737704918,200.18,12,0,7,75.5
18009,2007,BLACKFORD,142.1,151.7,7,20.438524590163933,92.89,21.700645161290325,57.169999999999995,22.078032786885245,243.95,6,0,7,30.92
18009,2008,BLACKFORD,156,142.1,8,18.08360655737705,289.45,22.61774193548387,96.01,20.52983606557377,113.13,10,0,16,62.45
18009,2009,BLACKFORD,165,156,9,18.85688524590164,222.52,20.576451612903227,56.5,19.85049180327869,100.5,1,0,6,52.74000000000001
18009,2010,BLACKFORD,149.7,165,10,20.221311475409838,362.15000000000003,24.520967741935483,103.61,21.50983606557377,108.81,19,0,9,58.30000000000001
18009,2011,BLACKFORD,160.8,149.7,11,19.41901639344262,232.92000000000002,26.11806451612903,49.339999999999996,19.797377049180326,220.92,27,5.510000000000012,10,55.56
18009,2012,BLACKFORD,119.2,160.8,12,20.868524590163933,99.8,26.121612903225806,73.71000000000001,19.614918032786886,256.9,25,11.949999999999996,12,41.3
18009,2013,BLACKFORD,172.5,119.2,13,19.859016393442623,224.79999999999998,22.151935483870968,79.11,19.998688524590165,165.02,8,0,12,62.72
18009,2014,BLACKFORD,157.1,172.5,14,19.437213114754098,264.07,20.349354838709676,44.92,19.645901639344263,282.34999999999997,1,0,8,80.16
18009,2015,BLACKFORD,117.5,157.1,15,19.487704918032787,399.6,22.18,176.65,20.621639344262295,121.16,4,0,6,98.72000000000003
18009,2016,BLACKFORD,173.9,117.5,16,18.88967213114754,157.64,23.40258064516129,62.35,22.4827868852459,250.29999999999998,14,0,12,32.91999999999999
18009,2017,BLACKFORD,179.2,173.9,17,18.495573770491802,329.23,22.900645161290324,122.24000000000001,19.992786885245902,95.63,7,0,12,74.22999999999999
18009,2018,BLACKFORD,201,179.2,18,21.595573770491804,213.29,22.93967741935484,108.14,21.71967213114754,275.6,12,0,6,86.05
18009,2021,BLACKFORD,205.9,187.9,21,18.74622950819672,186.64,22.90064516129032,106.75,21.840655737704918,202.26999999999998,11,0,10,60.93000000000001
18011,2001,BOONE,158.8,137.2,1,18.856229508196723,186.93,22.726774193548387,148.28,19.93262295081967,197.55,13,0,8,58.900000000000006
18011,2002,BOONE,151.2,158.8,2,18.228032786885247,312.49,24.34548387096774,74.13,21.463606557377048,211.57,18,0,10,78.64000000000001
18011,2003,BOONE,145.6,151.2,3,17.248360655737706,257.08,22.28,267.09000000000003,19.94573770491803,311.16,7,0,10,153.13
18011,2004,BOONE,178.6,145.6,4,19.472295081967214,284.41,21.676451612903225,107.89,19.59426229508197,109.57,3,0,7,85.9
18011,2005,BOONE,163.6,178.6,5,18.573442622950818,149.64,23.135161290322582,144.59,21.711475409836066,213.84,10,0,8,66.64
18011,2006,BOONE,163.9,163.6,6,17.71655737704918,264.54,23.933548387096774,112.02,19.478196721311477,229.18,12,0,7,64.14
18011,2007,BOONE,154,163.9,7,20.33983606557377,123.67,21.57032258064516,64.83,22.320983606557377,165.73,4,0,7,39.419999999999995
18011,2008,BOONE,173,154,8,17.742295081967214,368.37,22.428387096774195,139.47,20.100983606557378,133.79,7,0,16,112.35
18011,2009,BOONE,182,173,9,18.75967213114754,247.4,20.01258064516129,86.31,19.42590163934426,124.57,0,0,6,70.68
18011,2010,BOONE,154.9,182,10,20.101475409836066,385.29,23.813225806451612,139.23,21.431639344262294,58.04,14,0,9,88.33000000000004
18011,2011,BOONE,159.1,154.9,11,19.11262295081967,247.81,25.36967741935484,66.9,19.67590163934426,196.56,21,0.8399999999999963,12,64.68
18011,2012,BOONE,91.6,159.1,12,20.455081967213115,98.42,26.474193548387095,27.029999999999998,19.430491803278688,295.21,28,15.940000000000019,8,50.379999999999995
18011,2013,BOONE,189.8,91.6,13,19.294098360655738,231.72,21.659354838709678,56.190000000000005,20.26049180327869,113.89,7,0,17,62.52999999999999
18011,2014,BOONE,200.6,189.8,14,19.19672131147541,248.35,19.739354838709676,81.47,19.49098360655738,190.43,0,0,8,70.22
18011,2015,BOONE,136.5,200.6,15,19.439836065573772,322.29,22.020967741935483,210.82,20.48311475409836,95.64,4,0,7,114.59000000000003
18011,2016,BOONE,180.1,136.5,16,18.842131147540982,230.99,22.910967741935483,128.73,22.095409836065574,250.35999999999999,7,0,11,61.94
18011,2017,BOONE,184.4,180.1,17,18.47622950819672,294.99,22.906129032258065,172.71,20.03983606557377,67.13,7,0,13,85.95999999999998
18011,2018,BOONE,198.9,184.4,18,21.84229508196721,218.23,22.75193548387097,67.57,21.49377049180328,302.77,13,0,6,71.10000000000001
18011,2019,BOONE,177.3,198.9,19,18.527049180327868,262.81,24.30677419354839,67.85000000000001,21.400163934426228,146.41,17,0,9,71.22000000000003
18011,2020,BOONE,221.9,177.3,20,18.26672131147541,199.42000000000002,23.99258064516129,142.36,19.831967213114755,67.37,13,0,10,66.04999999999998
18011,2021,BOONE,209.8,221.9,21,18.541639344262293,193.6,22.563548387096773,143.05,21.719180327868852,159.09,9,0,10,65.62
18013,2010,BROWN,83.9,154,10,20.75983606557377,369.85,24.587096774193547,57.940000000000005,22.25311475409836,35.67,19,0,9,81.57999999999998
18015,2001,CARROLL,170.2,143.2,1,18.943770491803278,211.42,22.81290322580645,159.02,19.8572131147541,197.23,15,0,8,60.5
18015,2002,CARROLL,155.4,170.2,2,18.321967213114753,196.76,24.623870967741937,90.83,21.42688524590164,155.31,22,0,11,56.60000000000001
18015,2003,CARROLL,158.5,155.4,3,17.39655737704918,211.42,22.323225806451614,353.48,20.05983606557377,267.66,9,0,11,229.74000000000004
18015,2004,CARROLL,188.6,158.5,4,19.233934426229506,317.22,21.80516129032258,134.27,19.395737704918034,188.79,5,0,7,116.17000000000002
18015,2005,CARROLL,178.6,188.6,5,18.86360655737705,129.82,23.248387096774195,148.81,21.777213114754097,225.91,10,0,8,58.08000000000001
18015,2006,CARROLL,174,178.6,6,17.93377049180328,240.73000000000002,23.996774193548386,111.6,19.72967213114754,202.14000000000001,13,0,6,75.55000000000001
18015,2007,CARROLL,186.8,174,7,20.141639344262295,176.78,21.498709677419356,91.38,21.85,204.93,4,0,7,52.72999999999999
18015,2008,CARROLL,194,186.8,8,17.924918032786884,281.84,22.61709677419355,90.83,20.09344262295082,185.67000000000002,7,0,8,72.47999999999999
18015,2009,CARROLL,175,194,9,18.985573770491804,261.15999999999997,20.376774193548385,53.18,19.575245901639345,104.23,0,0,6,91.67999999999999
18015,2010,CARROLL,170.1,175,10,20.20016393442623,419.86,24.00516129032258,109.55,21.437377049180327,116.06,15,0,9,88.12
18015,2011,CARROLL,167.7,170.1,11,19.48639344262295,294.12,25.713225806451614,85.79,19.800983606557377,218.86,24,3.29999999999999,10,92.38
18015,2012,CARROLL,115.5,167.7,12,20.71344262295082,99.74,26.220645161290324,62.37,19.659016393442624,240.17000000000002,26,15.659999999999997,6,35.55000000000001
18015,2013,CARROLL,197.1,115.5,13,19.689344262295084,229.56,22.15290322580645,73.18,20.268524590163935,140.95,7,0,9,65.48
18015,2014,CARROLL,205.3,197.1,14,19.468360655737705,217.06,20.08258064516129,66.64,19.63344262295082,298.61,1,0,8,76.35000000000001
18015,2015,CARROLL,157.2,205.3,15,19.551639344262295,383.09,22.093870967741935,114.94,20.882786885245903,135.11,5,0,7,85.86999999999998
18015,2016,CARROLL,197.8,157.2,16,18.873606557377048,190.66,23.00193548387097,105.46000000000001,22.29590163934426,254.15,12,0,13,56.25000000000003
18015,2017,CARROLL,181.5,197.8,17,18.33049180327869,359.5,23.041612903225808,182.52,19.82639344262295,138.71,6,0,13,96.49000000000004
18015,2018,CARROLL,204.7,181.5,18,21.65590163934426,272.18,22.853870967741937,82.71,21.737540983606557,288.34,10,0,6,108.32
18015,2019,CARROLL,194.6,204.7,19,18.37934426229508,238.99,24.664193548387097,93.21,21.208360655737703,128.51,19,0,9,46.589999999999996
18015,2020,CARROLL,209.6,194.6,20,18.564262295081967,183.08,24.214193548387097,75.25,19.87688524590164,132.68,16,0,10,73.06
18017,2001,CASS,161.2,148.4,1,18.64065573770492,233.38,22.63193548387097,150.4,19.61393442622951,191.22,14,0,8,61
18017,2002,CASS,139.6,161.2,2,17.83688524590164,176.85,24.628387096774194,99.57000000000001,21.340819672131147,137.17,22,0,11,63.059999999999995
18017,2003,CASS,139,139.6,3,17.13967213114754,228.49,22.096129032258066,367.62,19.9627868852459,296.26,7,0,11,253.95999999999998
18017,2004,CASS,178.4,139,4,18.938360655737704,309.78,21.767419354838708,134.75,19.30688524590164,198.17,6,0,7,111.43
18017,2005,CASS,171.9,178.4,5,18.7672131147541,124.22999999999999,23.39709677419355,141.36,21.6272131147541,211.29,13,0,10,52.849999999999994
18017,2006,CASS,153.7,171.9,6,17.655573770491802,259.34,23.739032258064515,112,19.482131147540983,220.15,12,0,6,83.64
18017,2007,CASS,176.7,153.7,7,20.02409836065574,155.95,21.533870967741937,90.63,21.597868852459015,218.98,5,0,7,48.739999999999995
18017,2008,CASS,183,176.7,8,17.572131147540983,257.61,22.34774193548387,81.37,20.089344262295082,190.85999999999999,6,0,9,58.209999999999994
18017,2009,CASS,164,183,9,18.648852459016393,230.48,20.18774193548387,56.08,19.542459016393444,129.18,0,0,6,80.52000000000001
18017,2010,CASS,148.3,164,10,19.905409836065573,396.25,24.10516129032258,109.53999999999999,21.28327868852459,123.45,17,0,9,77.42000000000002
18017,2011,CASS,149.1,148.3,11,19.207377049180327,276.81,25.513870967741937,65.43,19.586393442622953,256.56,24,3.0400000000000063,8,87.94
18017,2012,CASS,108,149.1,12,20.42639344262295,85.34,26.05741935483871,92.09,19.548524590163932,199.12,25,14.509999999999998,6,45.82000000000001
18017,2013,CASS,192.3,108,13,19.50704918032787,239.27,22.149354838709677,74.42,20.101967213114754,139.39000000000001,8,0,9,71.91
18017,2014,CASS,195.9,192.3,14,19.361967213114752,203.79999999999998,20.149032258064516,59.93,19.624590163934425,280.04,2,0,11,71.37
18017,2015,CASS,129.4,195.9,15,19.345409836065574,401.64,22.021290322580644,100.59,20.847213114754098,133.43,5,0,7,99.88000000000002
18017,2016,CASS,189.6,129.4,16,18.680819672131147,175.33,23.135483870967743,88.17,22.282459016393442,245.74,15,0,13,40.43000000000001
18017,2017,CASS,181.1,189.6,17,18.128524590163934,310.21,22.97225806451613,201.11,19.768852459016394,123.25999999999999,4,0,13,82.51999999999998
18017,2018,CASS,195.5,181.1,18,21.334426229508196,229.95000000000002,22.981290322580644,83.04,21.611147540983605,271.86,12,0,6,94.38999999999999
18019,2001,CLARK,149.1,142.1,1,20.36639344262295,230.60999999999999,24.43,119.36,21.714918032786883,193.8,18,0,8,56.470000000000006
18019,2002,CLARK,91.7,149.1,2,20.17573770491803,293.61,25.903548387096773,50.82,23.828524590163934,214.44,26,0,12,70.03999999999999
18019,2003,CLARK,143.2,91.7,3,19.018852459016394,281.09,23.84548387096774,125.86,21.47311475409836,273.34,11,0,10,87.52999999999999
18019,2004,CLARK,146.6,143.2,4,21.67967213114754,316.68,23.38774193548387,175.76,21.127704918032787,87.39,13,0,14,126.32
18019,2005,CLARK,109.4,146.6,5,20.167377049180327,177.75,24.95032258064516,81.67999999999999,23.70344262295082,225.21,22,0.17999999999999972,22,61.61999999999999
18019,2006,CLARK,138,109.4,6,19.32262295081967,242.97,25.041612903225808,112.52,21.431311475409835,361.76,20,0,10,71.53999999999996
18019,2007,CLARK,127.5,138,7,21.631311475409834,129.37,23.438709677419354,107.89,24.795409836065573,111.6,16,0,10,38.75999999999999
18019,2008,CLARK,138,127.5,8,20.068852459016394,277.34,24.274516129032257,90.19,22.450655737704917,91.15,20,0,20,55.38000000000001
18019,2009,CLARK,155,138,9,20.623770491803278,317.65,21.70806451612903,195.51,21.394754098360657,294.73,0,0,8,81.35000000000002
18019,2010,CLARK,136.9,155,10,22.279344262295083,322.34,26.136774193548387,109.16,23.61,69.65,27,0,9,94.92
18019,2011,CLARK,115.9,136.9,11,20.681147540983606,339.29,27.170645161290324,82.03999999999999,21.68672131147541,204.93,30,3.5700000000000074,14,94.78999999999999
18019,2012,CLARK,69.9,115.9,12,22.134426229508197,213.73,27.48032258064516,82.61,21.625245901639346,223.97,27,27.570000000000007,10,86
18019,2013,CLARK,161.2,69.9,13,20.735245901639345,285.17,23.295483870967743,135.52,22.16639344262295,153.62,12,0,10,92.73000000000002
18019,2014,CLARK,173.3,161.2,14,21.811967213114755,173.04,22.447096774193547,108.81,21.736065573770492,226.19,10,0,10,69.55
18019,2015,CLARK,162.1,173.3,15,21.544262295081968,265.88,24.563225806451612,247.84,22.028524590163933,119.96,17,0,11,117.68
18019,2016,CLARK,140.5,162.1,16,20.577704918032786,244.84,25.40225806451613,131.43,24.039016393442623,240.42,20,0,6,65.44
18019,2017,CLARK,158.8,140.5,17,20.45016393442623,273.96,25.133225806451613,94.01,21.435245901639345,198.38,21,0.020000000000003126,10,64.06
18019,2018,CLARK,178.7,158.8,18,23.511475409836066,316.35,24.76516129032258,138.87,23.69983606557377,419.78000000000003,19,0,11,70.56
18019,2019,CLARK,132.2,178.7,19,20.911967213114753,369.83,25.567096774193548,77.29,24.179180327868853,87.12,27,0,12,111.05999999999997
18019,2020,CLARK,173.4,132.2,20,19.899016393442622,248.67,25.948064516129033,155.19,21.845573770491804,192.95,26,0,5,91.03000000000003
18019,2021,CLARK,180.8,173.4,21,20.171967213114755,182.84,24.546451612903226,179.23999999999998,23.136885245901638,269.35,17,0,12,73.76999999999998
18021,2001,CLAY,158.9,156.6,1,19.53065573770492,219.12,23.48516129032258,169.96,20.73983606557377,168.51000000000002,16,0,13,70.14999999999998
18021,2002,CLAY,135.6,158.9,2,18.98311475409836,327.12,25.274516129032257,86.36999999999999,22.477049180327867,166.42000000000002,24,0.5700000000000003,11,111.33
18021,2003,CLAY,154.1,135.6,3,18.015081967213114,208.5,23.454838709677418,187.25,20.46967213114754,263,12,0,15,105.63
18021,2004,CLAY,175.2,154.1,4,20.42950819672131,235.16,22.45225806451613,154.75,20.23704918032787,121.92999999999999,7,0,13,76.71000000000001
18021,2005,CLAY,162.6,175.2,5,19.244262295081967,191.03,24.224193548387095,108.35,22.44704918032787,256.64,18,0.240000000000002,10,95.88
18021,2006,CLAY,151.7,162.6,6,18.82295081967213,247.48,24.373548387096776,83.07,20.57967213114754,228.15,16,0,7,58.20000000000002
18021,2007,CLAY,164,151.7,7,20.99295081967213,170.35999999999999,22.265483870967742,102.07000000000001,23.331311475409837,138.57999999999998,8,0,11,63.109999999999985
18021,2008,CLAY,137,164,8,18.64918032786885,532.74,23.412903225806453,157.17000000000002,21.06622950819672,114.4,13,0,16,238.48
18021,2009,CLAY,156,137,9,19.847540983606557,358.77,20.962258064516128,114.13,20.438852459016392,122.56,1,0,6,105.59
18021,2010,CLAY,157.2,156,10,20.98295081967213,335.27,24.990645161290324,135.38,22.40639344262295,55.77,19,0,15,89.45999999999998
18021,2011,CLAY,141.4,157.2,11,19.869508196721313,285.72,26.37258064516129,58.16,20.882950819672132,142.59,27,3.4099999999999966,16,64.92
18021,2012,CLAY,61.2,141.4,12,21.344590163934427,61.29,28.07516129032258,19.22,20.720983606557375,250.46,30,49.48000000000002,8,34.39
18021,2013,CLAY,154.7,61.2,13,19.998360655737706,308.26,22.831612903225807,106.73,21.391639344262295,64.12,10,0,22,84.85
18021,2014,CLAY,200.3,154.7,14,20.424590163934425,262.09000000000003,21.098064516129032,98.69,20.60295081967213,175.5,5,0,8,67.30000000000001
18021,2015,CLAY,165.5,200.3,15,20.55065573770492,291.78,23.572903225806453,108.13,21.35950819672131,81.97,14,0,11,76.66
18021,2018,CLAY,181.5,189.6,18,23.158524590163935,215.54,24.16516129032258,106.78,22.965901639344263,295.58,21,0,7,92.82000000000001
18021,2021,CLAY,194.7,189.1,21,19.581639344262296,281.46999999999997,24.00741935483871,147.81,22.726885245901638,150.42,14,0,7,84.6
18023,2001,CLINTON,173.8,144.3,1,18.855081967213113,195.29,22.575806451612902,168.06,19.784098360655737,200.87,14,0,8,60.95000000000002
18023,2002,CLINTON,162.9,173.8,2,18.14,241.72,24.32032258064516,82.7,21.231967213114753,206.08,18,0,10,68.05000000000001
18023,2003,CLINTON,159.6,162.9,3,17.240327868852457,222.7,22.266129032258064,269.95,19.91327868852459,324.69,8,0,10,170.64
18023,2004,CLINTON,180.8,159.6,4,19.328032786885245,324.26,21.67741935483871,115.41,19.465245901639346,128.85,4,0,7,124.93
18023,2005,CLINTON,170,180.8,5,18.722622950819673,160.08,23.123548387096776,152.69,21.69590163934426,199.7,10,0,8,72.29
18023,2006,CLINTON,165.1,170,6,17.731311475409836,261.68,23.830322580645163,129.76,19.548360655737707,201.43,13,0,7,82.38999999999999
18023,2007,CLINTON,179.3,165.1,7,20.244590163934426,144.25,21.329032258064515,74.27,22.09327868852459,157.57000000000002,3,0,7,47.92999999999999
18023,2008,CLINTON,187,179.3,8,17.792295081967215,309.9,22.46516129032258,138.16,20.031147540983607,137.12,7,0,8,80.79000000000002
18023,2009,CLINTON,185,187,9,18.82,285.36,20.155483870967743,63.36,19.455245901639344,103.97,0,0,6,79.33
18023,2010,CLINTON,178.5,185,10,20.07704918032787,407.14,23.829354838709676,147.34,21.387540983606556,97.14999999999999,13,0,9,87.11000000000001
18023,2011,CLINTON,175.9,178.5,11,19.32688524590164,278.13,25.47225806451613,76.16,19.645573770491804,213.58,21,1.720000000000006,11,82.10000000000001
18023,2012,CLINTON,148,175.9,12,20.56311475409836,113,26.108064516129033,61.56,19.486229508196722,283.49,26,12.450000000000003,6,43.099999999999994
18023,2013,CLINTON,191.5,148,13,19.52688524590164,213,21.828709677419354,66.25,20.20393442622951,123.76,7,0,9,58.23
18023,2014,CLINTON,214.1,191.5,14,19.310163934426228,232.84,19.821290322580644,77.6,19.51344262295082,227.15,0,0,8,84.97
18023,2015,CLINTON,146.6,214.1,15,19.516393442622952,371.41,21.965806451612902,151.71,20.632950819672132,111.39,4,0,7,87.02000000000004
18023,2016,CLINTON,190.6,146.6,16,18.824754098360657,225.39000000000001,22.782258064516128,115.71000000000001,22.16983606557377,238.89,8,0,11,63.5
18023,2017,CLINTON,185.1,190.6,17,18.422131147540984,376.78,22.90290322580645,200.51,19.834426229508196,94.19,5,0,13,94.03
18023,2018,CLINTON,213.9,185.1,18,21.66016393442623,220.97,22.704516129032257,88.92999999999999,21.65770491803279,302.41,12,0,6,80.21000000000001
18023,2021,CLINTON,210.3,207.1,21,18.62688524590164,213.64,22.635483870967743,162.98,21.744754098360655,166.56,10,0,11,78.11000000000001
18027,2001,DAVIESS,171.6,165.1,1,20.219180327868852,208.23,24.188709677419354,132.69,21.64262295081967,176.88,18,0,11,51.910000000000025
18027,2002,DAVIESS,106.7,171.6,2,19.918032786885245,340.14,26.148387096774194,45.04,23.595409836065574,181.7,26,1.3900000000000077,13,111.81
18027,2003,DAVIESS,154.6,106.7,3,18.648688524590163,272.45,24.089032258064517,133.97,21.598688524590163,170.19,16,0,15,82.8
18027,2004,DAVIESS,166.2,154.6,4,20.985081967213116,293.44,22.93,157.56,20.68344262295082,103.11,9,0,14,117.75999999999999
18027,2005,DAVIESS,158.4,166.2,5,19.834918032786884,175.99,24.440322580645162,109.34,23.401147540983608,252.32999999999998,20,0.35999999999999943,16,84.91
18027,2006,DAVIESS,152.8,158.4,6,19.511967213114755,243.07999999999998,24.979032258064517,77.89,21.179016393442623,275.31,20,0,6,48.18000000000001
18027,2007,DAVIESS,164.5,152.8,7,21.74049180327869,165.05,23.071935483870966,55.68,24.258852459016392,134.62,15,0,11,60.81
18027,2008,DAVIESS,173,164.5,8,19.565409836065573,323.36,23.798387096774192,127.4,21.478688524590165,144.29000000000002,15,0,24,90.08
18027,2009,DAVIESS,182,173,9,20.64327868852459,334.92,21.69483870967742,159.16,21.131803278688526,215.09,3,0,7,68.55000000000001
18027,2010,DAVIESS,160.3,182,10,22.02622950819672,312.61,25.783870967741937,147.71,23.16016393442623,73.88,27,0,14,88.10000000000002
18027,2011,DAVIESS,156.7,160.3,11,20.464590163934425,367.6,26.72,70.86,21.263934426229508,186.85,29,2.710000000000015,11,98.23
18027,2012,DAVIESS,72.9,156.7,12,21.768196721311476,68.88,28.054193548387097,54.79,21.142131147540983,288.95,30,48.989999999999995,9,35.91
18027,2013,DAVIESS,182.9,72.9,13,20.414590163934427,329.3,23.19322580645161,87.91,21.732131147540983,97.28999999999999,11,0,18,87.34000000000003
18027,2014,DAVIESS,210.2,182.9,14,20.902459016393443,274.39,21.899677419354838,97.53,21.132295081967214,205.94,9,0,8,98.73000000000002
18027,2015,DAVIESS,174.4,210.2,15,21.008524590163933,351.36,24.29741935483871,93.66,21.631147540983605,107.03,15,0,11,129.79000000000002
18027,2016,DAVIESS,171.9,174.4,16,20.378688524590164,219.4,24.68161290322581,183.07999999999998,23.608524590163935,297.29,17,0,6,105.6
18027,2017,DAVIESS,194,171.9,17,20.035901639344264,255.02,24.671612903225807,164.29,21.137213114754097,62.12,19,0.20000000000000284,9,82.24999999999999
18027,2018,DAVIESS,196.2,194,18,23.124426229508195,267.13,24.477096774193548,59.8,23.44737704918033,251.14,21,0,10,112.49
18027,2019,DAVIESS,168.2,196.2,19,20.64918032786885,366.32,25.081290322580646,108.36,23.434918032786886,142.34,21,0,7,104.05000000000001
18027,2020,DAVIESS,192.4,168.2,20,20.03950819672131,231.46,25.645806451612902,192.03,21.457213114754097,91.23,26,0,13,88.35000000000002
18027,2021,DAVIESS,216.4,192.4,21,20.42622950819672,208.38,24.38935483870968,123.81,23.131311475409834,223.35999999999999,15,0,7,56.230000000000004
18029,2001,DEARBORN,136.3,137.7,1,19.466065573770493,237.49,23.333870967741934,211.62,21.132131147540985,233.04,13,0,8,83.87
18029,2002,DEARBORN,80.4,136.3,2,19.0872131147541,339.36,25.173548387096773,38.28,23.19606557377049,198.21,24,0,12,86.76
18029,2003,DEARBORN,131.1,80.4,3,18.032131147540984,271.59,23.039354838709677,157.42,20.854262295081966,227.1,8,0,10,78.78000000000003
18029,2004,DEARBORN,158.8,131.1,4,20.584918032786884,233.44,22.693225806451615,154.9,20.594426229508198,90.84,12,0,13,68.17000000000002
18029,2005,DEARBORN,138,158.8,5,18.964590163934425,115.98,24.519032258064517,84.07,22.882786885245903,250.51,19,0.4299999999999997,10,39.699999999999996
18029,2006,DEARBORN,143.7,138,6,18.322295081967212,217.02,24.315483870967743,96.22,20.979016393442624,223.54,15,0,11,42.360000000000014
18029,2007,DEARBORN,116.5,143.7,7,20.88606557377049,102.41,22.573870967741936,108.19,24.036229508196723,75.74,11,0,10,38.03
18029,2008,DEARBORN,113,116.5,8,18.806065573770493,318.25,23.11967741935484,91.63,21.70639344262295,91.67,12,0,16,80.71000000000001
18029,2009,DEARBORN,167,113,9,19.98311475409836,250.49,20.909032258064517,139.96,20.635409836065573,190.99,0,0,8,57.00999999999999
18029,2010,DEARBORN,124.4,167,10,21.08655737704918,322.43,24.898064516129033,78.28,22.582459016393443,57.949999999999996,22,0,9,83.32000000000002
18029,2011,DEARBORN,109.6,124.4,11,19.638360655737706,340.02,26.543870967741935,30.2,20.871967213114754,233.48,25,2.6300000000000026,15,77.66
18029,2012,DEARBORN,88,109.6,12,21.11360655737705,150.42999999999998,26.74258064516129,57.43,20.959016393442624,174.8,25,15.400000000000013,10,49.91
18029,2013,DEARBORN,145.8,88,13,20.028524590163933,259.74,22.858387096774194,120.02,21.179344262295082,150.45,10,0,12,59.489999999999995
18029,2014,DEARBORN,165.9,145.8,14,20.152131147540985,233.07,21.230645161290322,99.01,20.900163934426228,162.01000000000002,5,0,11,61.120000000000005
18029,2015,DEARBORN,151.9,165.9,15,20.634754098360656,223.94,23.30258064516129,156.23,21.257377049180327,140.74,12,0,11,77.22000000000003
18029,2016,DEARBORN,162.1,151.9,16,19.540491803278687,186.03,24.393548387096775,119.82,23.434262295081968,276.89,15,0,7,50.99999999999997
18029,2017,DEARBORN,168.3,162.1,17,19.03655737704918,324.58,23.879032258064516,151.94,20.688688524590162,141.35,9,0,9,65.88999999999999
18029,2018,DEARBORN,176.7,168.3,18,22.60049180327869,212.6,24.15451612903226,91.59,22.99344262295082,347.34000000000003,17,0,12,54.349999999999966
18029,2019,DEARBORN,129,176.7,19,19.934426229508198,334.44,25.110967741935482,77.05,23.19950819672131,85.16,25,0,7,126.09000000000003
18029,2020,DEARBORN,173.2,129,20,19.06622950819672,248.29,25.354193548387098,131.45,21.185245901639345,139.68,24,0,6,71.9
18029,2021,DEARBORN,156.7,173.2,21,19.039016393442623,312.09000000000003,23.61032258064516,144.31,22.4272131147541,176.17000000000002,11,0,11,87.33000000000001
18031,2001,DECATUR,172.1,158.3,1,19.310491803278687,260.6,23.126774193548385,160.51,20.648524590163934,266.27,13,0,8,55.510000000000005
18031,2002,DECATUR,112.5,172.1,2,18.898360655737704,337.87,24.91741935483871,39.3,22.71967213114754,169.8,23,0,9,92.97
18031,2003,DECATUR,152,112.5,3,17.96016393442623,253.04999999999998,22.79741935483871,160.67,20.45688524590164,224.47,7,0,10,80.93
18031,2004,DECATUR,181.3,152,4,20.418852459016392,297.39,22.46741935483871,131.91,20.298688524590165,96.57000000000001,9,0,14,82.32000000000001
18031,2005,DECATUR,157.2,181.3,5,18.80032786885246,146.76,23.97967741935484,108.26,22.257377049180327,256.26,17,0,10,56.68
18031,2006,DECATUR,164,157.2,6,18.238524590163934,278.24,24.044193548387096,142.18,20.3027868852459,242.06,15,0,7,58.93000000000001
18031,2007,DECATUR,142.6,164,7,20.806065573770493,126.31,21.98774193548387,69.3,23.470983606557375,109.09,5,0,11,46.150000000000006
18031,2008,DECATUR,158,142.6,8,18.384590163934426,398.51,22.769354838709678,130.89,20.76737704918033,91.16,7,0,16,128.35999999999999
18031,2009,DECATUR,181,158,9,19.714918032786883,301.65,20.68548387096774,149.83,20.18606557377049,236.31,1,0,6,71.47
18031,2010,DECATUR,157.3,181,10,20.898852459016393,358.5,24.828064516129032,73.5,22.458196721311474,59.61,20,0,9,94.86000000000004
18031,2011,DECATUR,124.8,157.3,11,19.582295081967214,324.79,26.455161290322582,33.330000000000005,20.580327868852457,191.96,25,3.1599999999999966,16,84.33
18031,2012,DECATUR,86.1,124.8,12,20.870983606557377,107.1,26.828387096774193,60.52,20.16016393442623,208.37,27,18.64,10,49.81
18031,2013,DECATUR,183.2,86.1,13,19.84262295081967,197.2,22.351612903225806,74.97,20.79327868852459,103.37,10,0,13,41.400000000000006
18031,2014,DECATUR,205.8,183.2,14,19.93360655737705,216.66,20.55290322580645,117.77,20.185573770491803,165.38,3,0,8,76.03
18031,2015,DECATUR,177.9,205.8,15,20.541147540983605,250.76,22.695806451612903,206.01,20.81639344262295,129.53,7,0,8,99.54000000000002
18031,2016,DECATUR,178.9,177.9,16,19.2172131147541,187.06,23.11064516129032,134.67,22.568524590163936,309.99,8,0,7,55.349999999999994
18031,2017,DECATUR,190.2,178.9,17,18.73704918032787,336.94,23.221290322580643,173.31,20.19049180327869,122.48,6,0,9,69.19
18031,2018,DECATUR,206.8,190.2,18,22.01704918032787,270.84000000000003,23.17322580645161,118.3,22.114426229508197,272.17,11,0,10,66.92000000000002
18031,2019,DECATUR,179.9,206.8,19,19.248196721311476,343.9,24.42258064516129,81.87,22.29688524590164,87.48,19,0,7,121.9
18031,2020,DECATUR,209.5,179.9,20,18.757704918032786,220.4,24.36709677419355,114.39,20.295573770491803,155.98,18,0,7,55.03000000000003
18031,2021,DECATUR,186.3,209.5,21,18.819344262295083,294.1,23.08290322580645,193.86,21.959344262295083,190.54000000000002,9,0,11,91.69
18033,2001,DE KALB,124.1,124.5,1,17.758852459016392,220.57,22.071612903225805,69.74,19.187868852459015,205.04,13,0,10,46.629999999999995
18033,2002,DE KALB,119,124.1,2,16.92737704918033,170.1,24.078709677419354,95.73,20.992459016393443,109.89999999999999,20,0,11,67.61
18033,2003,DE KALB,148.9,119,3,16.358688524590164,233.58,21.616774193548387,178.57,19.122131147540983,309.7,3,0,8,109.69999999999996
18033,2004,DE KALB,145,148.9,4,18.137049180327868,310.46,21.493548387096773,146.12,19.059016393442622,120.89,6,0,4,81.78999999999999
18033,2005,DE KALB,151.4,145,5,17.782459016393442,88.08,23.23483870967742,166.59,20.977213114754097,142.96,14,0,9,54.48000000000002
18033,2006,DE KALB,146.9,151.4,6,17.180655737704917,217.57999999999998,23.079677419354837,128.73,18.858032786885246,149.81,8,0,7,90.12
18033,2007,DE KALB,146.5,146.9,7,19.35295081967213,76.53999999999999,21.736451612903227,94.97,20.71295081967213,296.24,8,0,10,55.05000000000001
18033,2008,DE KALB,121,146.5,8,17.049508196721312,184.25,22.101612903225806,95.42,20.144754098360657,153.53,8,0,13,42.31999999999999
18033,2009,DE KALB,150,121,9,17.59704918032787,219.25,19.511935483870968,74.37,18.823606557377047,159.68,0,0,8,53.790000000000006
18033,2010,DE KALB,122.2,150,10,19.1472131147541,327.75,23.705161290322582,59.85,20.50360655737705,94.64,15,0,9,86.83999999999999
18033,2011,DE KALB,124.3,122.2,11,18.50049180327869,231.27,25.182903225806452,52.73,19.245245901639343,234.46,22,3.030000000000001,11,96.99000000000001
18033,2012,DE KALB,91,124.3,12,20.12032786885246,67.21000000000001,25.76774193548387,70.09,18.875409836065575,150.93,24,18.890000000000008,12,39.81
18033,2013,DE KALB,167.7,91,13,18.941475409836066,200.27,21.701612903225808,103.23,19.33983606557377,66.65,7,0,8,67.25999999999999
18033,2014,DE KALB,164.7,167.7,14,18.309016393442622,211.8,19.398709677419355,31.13,19.04983606557377,170.12,1,0,7,81.19
18033,2017,DE KALB,170,146.4,17,17.475245901639344,292.22,22.054193548387097,104.17,19.470327868852458,123.82000000000001,4,0,10,70.54
18033,2018,DE KALB,159.5,170,18,19.951311475409835,286.84,22.679032258064517,54.629999999999995,21.161803278688524,194.53,13,0,16,66.20999999999998
18033,2019,DE KALB,167.3,159.5,19,16.961475409836066,270.88,23.530967741935484,120.39,20.04590163934426,227.69,14,0,7,45.400000000000006
18033,2020,DE KALB,136.6,167.3,20,17.430983606557376,157.01,24.079354838709676,43.849999999999994,19.400163934426228,129.37,17,0,13,82.9
18033,2021,DE KALB,178.9,136.6,21,17.748196721311476,251.13,22.383225806451613,138.89000000000001,20.860983606557376,216.04,9,0,8,62.28
18035,2001,DELAWARE,165.5,157.3,1,18.977868852459018,252.57,22.681612903225805,167.83,19.825245901639345,203.97,12,0,10,69
18035,2002,DELAWARE,106,165.5,2,18.360491803278688,233.88,24.601290322580645,65.1,21.808688524590163,179.58,22,0,9,72.03999999999999
18035,2003,DELAWARE,142.9,106,3,17.41950819672131,250.21,21.989032258064515,270.1,19.89688524590164,336.56,8,0,10,203.70000000000002
18035,2004,DELAWARE,164.5,142.9,4,19.47311475409836,283.46,21.607419354838708,91.64999999999999,19.560327868852458,104.46,7,0,7,87.74000000000001
18035,2005,DELAWARE,165.4,164.5,5,18.581967213114755,136.51,23.537096774193547,89.78999999999999,21.63016393442623,284.42,14,0,10,51.99000000000001
18035,2006,DELAWARE,154.4,165.4,6,17.73688524590164,272.91,23.705806451612904,84.47,19.478688524590165,197.64000000000001,14,0,7,71.5
18035,2007,DELAWARE,134.2,154.4,7,20.327377049180328,98.58,21.33290322580645,44.17,22.019344262295082,169.85000000000002,4,0,7,36.36
18035,2008,DELAWARE,156,134.2,8,18.025245901639344,318.16,22.41741935483871,108.74,20.173934426229508,102.24,8,0,16,71.36999999999999
18035,2009,DELAWARE,154,156,9,18.810491803278687,213.76,20.34967741935484,58.019999999999996,19.63327868852459,97.35,1,0,6,54.92999999999999
18035,2010,DELAWARE,153.7,154,10,20.103934426229507,364.82,24.16548387096774,102.84,21.37704918032787,98.43,16,0,9,67.02999999999997
18035,2011,DELAWARE,146.1,153.7,11,19.331803278688525,229.68,25.869032258064514,66.13000000000001,19.447868852459017,225.97,26,3.8900000000000006,10,50.269999999999996
18035,2012,DELAWARE,111.5,146.1,12,20.651475409836067,126.26,26.041612903225808,65,19.40327868852459,242.85,25,10.740000000000002,12,54.75
18035,2013,DELAWARE,174.3,111.5,13,19.869672131147542,208.07,21.908387096774195,58.5,20.10672131147541,148.70000000000002,8,0,12,54.11999999999999
18035,2014,DELAWARE,174,174.3,14,19.46327868852459,265.93,20.129032258064516,55.11,19.545737704918032,248.46,1,0,11,88.27
18035,2015,DELAWARE,130.1,174,15,19.756065573770492,382.79,22.20516129032258,163.08,20.16311475409836,121.81,4,0,7,84.04999999999995
18035,2016,DELAWARE,165,130.1,16,19.138032786885248,182.67,23.47290322580645,68.69,22.59934426229508,303.18,14,0,11,35.09
18035,2017,DELAWARE,155,165,17,18.758032786885245,358.7,23.08258064516129,130.89000000000001,20.082295081967214,91.35000000000001,8,0,12,72.09
18035,2018,DELAWARE,208.1,155,18,21.91639344262295,186.34,23.013870967741937,111.25,21.96327868852459,291.63,12,0,6,72.39
18035,2019,DELAWARE,157.5,208.1,19,19.11016393442623,250.17000000000002,25.09516129032258,155.89,21.921803278688525,111.21,22,0,9,73.32999999999998
18035,2020,DELAWARE,192,157.5,20,18.668032786885245,182.87,24.586451612903225,105.96000000000001,20.336557377049182,99.46,18,0,7,61.08
18035,2021,DELAWARE,200.2,192,21,19.064590163934426,190.01,23.08290322580645,128.07999999999998,22.09655737704918,233.63,11,0,8,62.09
18037,2001,DUBOIS,162.8,156.8,1,20.09032786885246,212.07999999999998,24.19451612903226,135.42000000000002,21.55032786885246,194.13,17,0,7,74.98000000000002
18037,2002,DUBOIS,78.7,162.8,2,19.91,307.85,26.011290322580646,35.81,23.666065573770492,182.87,26,0.3999999999999986,13,105.14
18037,2003,DUBOIS,136.3,78.7,3,18.70983606557377,277.31,23.93548387096774,133.35,21.590655737704918,138.67,17,0,15,87.41999999999999
18037,2004,DUBOIS,156.5,136.3,4,21.26344262295082,319.19,23.116774193548387,140.3,20.808688524590163,94.52,9,0,14,130.01
18037,2005,DUBOIS,144.6,156.5,5,19.91918032786885,159.87,24.475483870967743,99.09,23.428360655737706,225.17,19,0.14999999999999858,16,84.4
18037,2006,DUBOIS,147.5,144.6,6,19.465409836065575,283.4,24.82709677419355,124.53999999999999,21.160655737704918,370.77,21,0,6,79.13
18037,2007,DUBOIS,146.6,147.5,7,21.61360655737705,135.57,23.173870967741934,66.85,24.31,105.14,17,0,11,48.150000000000006
18037,2008,DUBOIS,157,146.6,8,19.738852459016393,269.98,23.838387096774195,114.29,21.782295081967213,98.17999999999999,17,0,24,78.97
18037,2009,DUBOIS,169,157,9,20.65655737704918,327.11,21.718387096774194,187.67,21.12967213114754,227.17000000000002,3,0,7,77.94
18037,2010,DUBOIS,154.5,169,10,22.11,286.4,25.730645161290322,160.34,23.15295081967213,50.56,26,0,9,95.27999999999997
18037,2011,DUBOIS,153.2,154.5,11,20.558688524590163,369.18,26.65032258064516,76.96000000000001,21.191803278688525,178.92,28,2.280000000000001,11,111.55
18037,2012,DUBOIS,62.1,153.2,12,21.911147540983606,93.5,27.893870967741936,74.3,21.265081967213114,256.61,31,45.36,10,46.19
18037,2013,DUBOIS,180.5,62.1,13,20.617540983606556,269.8,23.259354838709676,99.92,21.89,136.89,12,0,18,68.78
18037,2014,DUBOIS,190.4,180.5,14,21.075737704918033,279.96,21.86741935483871,79.67,21.227540983606556,207.57999999999998,9,0,11,115.7
18037,2015,DUBOIS,165.8,190.4,15,21.068360655737706,380.65000000000003,24.418709677419354,152.86,21.58344262295082,104.48,15,0,11,151.29000000000002
18037,2016,DUBOIS,143.3,165.8,16,20.377704918032787,225.12,24.980645161290322,173.8,23.687049180327868,181.49,20,0,6,106.03999999999996
18037,2017,DUBOIS,198.1,143.3,17,19.867377049180327,242.95,24.379677419354838,232.48,20.790655737704917,121.42,17,0,9,100.91999999999996
18037,2018,DUBOIS,187.1,198.1,18,22.79377049180328,330.14,24.219354838709677,78.12,23.33655737704918,240.89,19,0,10,110.95999999999998
18037,2019,DUBOIS,163.5,187.1,19,20.62344262295082,444.42,24.635806451612904,114.34,23.146065573770493,146.29,21,0,7,119.75
18037,2020,DUBOIS,183.9,163.5,20,19.582131147540984,252.51999999999998,25.104193548387098,153.55,20.954918032786885,138.64,22,0,7,75.95999999999998
18037,2021,DUBOIS,191.2,183.9,21,20.034262295081966,216.55,24.306774193548385,149.07,22.77655737704918,288.41,16,0,12,73.32000000000001
18039,2001,ELKHART,141.9,132.1,1,17.774918032786886,205.79999999999998,22.01516129032258,111.39999999999999,19.10967213114754,252.54,14,0,9,65.26000000000002
18039,2002,ELKHART,126.1,141.9,2,16.887213114754097,218.71,23.988709677419354,80.46000000000001,20.8772131147541,94.41,18,0,11,93.24000000000001
18039,2003,ELKHART,150.8,126.1,3,16.288852459016393,214.05,21.633225806451613,145.32999999999998,19.274426229508197,221.60999999999999,5,0,8,92.47999999999996
18039,2004,ELKHART,155,150.8,4,17.844590163934427,333.71999999999997,21.271612903225808,144.95,18.721475409836067,144.09,4,0,7,110.10999999999999
18039,2005,ELKHART,142.4,155,5,18.20409836065574,98.31,23.45064516129032,138.03,20.88983606557377,222.28,19,0,10,51.05000000000001
18039,2006,ELKHART,157.8,142.4,6,17.202786885245903,183.22,23.30774193548387,208.15,18.847704918032786,145.41,8,0,7,75.23999999999998
18039,2007,ELKHART,153,157.8,7,19.60606557377049,123.92,21.77,82.57000000000001,20.794098360655738,309.43,9,0,8,46.920000000000016
18039,2008,ELKHART,141,153,8,17.04622950819672,197.03,22.293548387096774,84.45,19.75688524590164,246.71,9,0,13,32.85
18039,2009,ELKHART,161,141,9,17.704754098360656,199.17,19.60483870967742,83.49,18.961311475409836,213.12,0,0,5,63.699999999999996
18039,2010,ELKHART,155,161,10,18.92672131147541,287.08,23.65967741935484,92.27,20.591475409836065,87.42,15,0,9,52.93
18039,2013,ELKHART,180.4,92.5,13,18.80344262295082,218.94,21.943548387096776,62.35,19.574098360655736,123.16,8,0,8,61.02000000000001
18039,2014,ELKHART,182,180.4,14,18.545737704918032,256.47,19.982903225806453,65.63,19.28344262295082,169.4,1,0,7,70.61
18039,2015,ELKHART,154.7,182,15,18.596065573770492,265.5,21.074193548387097,158.64000000000001,20.16950819672131,165.74,5,0,14,61.75
18039,2016,ELKHART,158.7,154.7,16,17.945409836065572,179.07999999999998,23.050645161290323,58.25,21.71032786885246,265.6,16,0,13,48.389999999999986
18039,2017,ELKHART,173.8,158.7,17,17.61672131147541,210.35,22.214193548387097,97.22,19.33737704918033,135.5,5,0,9,57.8
18039,2018,ELKHART,172.5,173.8,18,20.25295081967213,267.32,22.739354838709676,81.71,21.132950819672132,169.82999999999998,10,0,13,74.77999999999997
18039,2019,ELKHART,154.8,172.5,19,17.24754098360656,264.18,23.741290322580646,82.77,20.507213114754098,204.45000000000002,15,0,7,53.06
18039,2020,ELKHART,174.8,154.8,20,17.84672131147541,169.70000000000002,24.11967741935484,83.06,19.62032786885246,133.78,15,0,16,74.44
18039,2021,ELKHART,179,174.8,21,18.021639344262294,280.3,22.33967741935484,65.35,21.367704918032786,172.77,9,0,11,122.99999999999997
18041,2001,FAYETTE,164,157.8,1,19.028688524590162,258.71999999999997,22.933870967741935,174.71,20.50344262295082,213.31,13,0,8,65.68
18041,2002,FAYETTE,89.2,164,2,18.531147540983607,281.02,24.552258064516128,35.17,22.551311475409836,171.76,23,0,9,75.35
18041,2003,FAYETTE,155.8,89.2,3,17.650163934426228,262.31,22.28258064516129,228.64,20.082622950819673,261.63,7,0,10,137.49
18041,2004,FAYETTE,172.7,155.8,4,19.918360655737704,301.76,22.02,120.12,19.95655737704918,97.85,9,0,14,71.39000000000001
18041,2005,FAYETTE,150.5,172.7,5,18.358852459016394,186.69,23.61258064516129,117.75999999999999,21.91327868852459,216.20000000000002,14,0,10,69.28
18041,2006,FAYETTE,155.3,150.5,6,17.699016393442623,286.09,23.754516129032258,161.70000000000002,19.825409836065575,193.84,14,0,11,66.62
18041,2007,FAYETTE,132.7,155.3,7,20.30016393442623,111.61,21.558709677419355,62.58,22.798032786885244,140.98,6,0,10,38.18000000000001
18041,2008,FAYETTE,152,132.7,8,17.915737704918033,319.83,22.26967741935484,120.76,20.606065573770493,76.28,8,0,16,95
18041,2009,FAYETTE,184,152,9,19.022131147540986,272.9,20.151290322580646,114.01,19.847540983606557,167.39,1,0,6,65.73
18041,2010,FAYETTE,149.5,184,10,20.312131147540985,386.66,24.136774193548387,72.45,21.659180327868853,63.16,19,0,9,89.49000000000001
18041,2011,FAYETTE,133.2,149.5,11,19.125573770491805,260.9,25.93064516129032,27.3,20.10950819672131,224.11,25,3.1600000000000037,12,69.03999999999999
18041,2012,FAYETTE,74.9,133.2,12,20.369180327868854,98.4,26.418387096774193,54.75,19.716229508196722,218.39000000000001,28,17.100000000000016,7,45.82
18041,2013,FAYETTE,172.2,74.9,13,19.558032786885246,187.06,22.075806451612902,75.52,20.341147540983606,123.61,9,0,13,38.58000000000001
18041,2014,FAYETTE,187.4,172.2,14,19.685573770491803,282.7,20.29967741935484,73.87,19.982295081967212,203.76,3,0,10,87.63000000000001
18041,2015,FAYETTE,181.5,187.4,15,20.13327868852459,288.28,22.539354838709677,158.68,20.6472131147541,127.67,8,0,7,72.27000000000001
18041,2016,FAYETTE,173.2,181.5,16,18.825573770491804,206.62,23.24967741935484,100.24,22.577540983606557,305.23,11,0,11,40.56999999999999
18041,2017,FAYETTE,173,173.2,17,18.224098360655738,351.65999999999997,22.95935483870968,222.35999999999999,20.004426229508198,119.37,6,0,9,81.47000000000003
18041,2018,FAYETTE,198.6,173,18,21.82295081967213,230.82999999999998,23.129677419354838,104.33,22.150163934426228,308.54,13,0,10,64.06
18041,2019,FAYETTE,177.5,198.6,19,18.790819672131146,303.26,24.253870967741936,86.92999999999999,21.948032786885246,74.59,20,0,9,119.47000000000003
18041,2020,FAYETTE,191.5,177.5,20,18.38393442622951,224.79999999999998,24.468709677419355,91.48,20.184590163934427,94.38,20,0,6,55.480000000000004
18041,2021,FAYETTE,197.9,191.5,21,18.45688524590164,288.15999999999997,22.76225806451613,158.63,21.68655737704918,159.74,10,0,13,79.17000000000002
18043,2011,FLOYD,98.8,147.6,11,20.872295081967213,336.38,26.98709677419355,76.7,21.68409836065574,221.27,28,1.1400000000000006,17,99.2
18043,2012,FLOYD,55.7,98.8,12,22.158196721311477,226.24,27.515483870967742,93.25999999999999,21.689672131147542,217.33,29,28.83,10,90.2
18043,2015,FLOYD,158.1,152.1,15,21.668360655737704,255.76999999999998,24.624193548387098,231.43,22.132622950819673,137.35999999999999,17,0,11,103.92
18043,2016,FLOYD,128.6,158.1,16,20.691475409836066,257.14,25.375806451612902,140.45,23.97016393442623,219.12,20,0,6,76.51000000000005
18043,2020,FLOYD,171.2,145,20,20.044754098360656,243.71,25.991935483870968,168,21.834754098360655,215.69,26,0,5,91.94999999999999
18043,2021,FLOYD,176.9,171.2,21,20.387704918032785,148.82,24.65774193548387,200.55,23.249344262295082,270.69,18,0,12,86.85999999999999
18045,2001,FOUNTAIN,154.9,139.7,1,19.448032786885246,153.28,23.178064516129034,149.74,20.44311475409836,150.95,15,0,8,68.76999999999998
18045,2002,FOUNTAIN,140.2,154.9,2,18.89,271.47,24.99,105.95,21.670983606557378,230.12,22,0.6200000000000045,11,86.31000000000002
18045,2003,FOUNTAIN,163.7,140.2,3,17.81311475409836,227.35,22.888709677419357,214.01000000000002,20.25704918032787,318.95,10,0,11,118.97
18045,2004,FOUNTAIN,172.7,163.7,4,19.905409836065573,297.69,22.054516129032258,107.17,19.972459016393444,100.76,7,0,7,101.81
18045,2005,FOUNTAIN,158.4,172.7,5,19.407868852459018,140.02,23.63483870967742,147.59,22.161147540983606,200.15,13,0,8,67.50999999999999
18045,2006,FOUNTAIN,163.4,158.4,6,18.470327868852458,198.95999999999998,24.18709677419355,146.8,19.928524590163935,182.2,14,0,7,62.57
18045,2007,FOUNTAIN,171.1,163.4,7,20.948852459016393,139.4,21.830000000000002,69.53,22.665409836065574,145.52,7,0,9,49.22999999999999
18045,2008,FOUNTAIN,180,171.1,8,18.257213114754098,360.16,22.691935483870967,132.77,20.24049180327869,143.37,9,0,15,133.77
18045,2009,FOUNTAIN,184,180,9,19.30049180327869,285.43,20.46741935483871,97.67,19.772131147540982,129.57,0,0,11,102.89000000000001
18045,2010,FOUNTAIN,175.6,184,10,20.81606557377049,353.71,24.572580645161292,138.96,21.827540983606557,104.17999999999999,17,0,9,78.50000000000003
18045,2011,FOUNTAIN,154,175.6,11,19.60655737704918,254.13,25.8458064516129,57.019999999999996,20.18377049180328,152.22,24,3.460000000000001,16,86.00999999999999
18045,2012,FOUNTAIN,101.9,154,12,21.014918032786884,103.36,26.751290322580644,20.8,19.914754098360657,283.96999999999997,30,26.420000000000016,7,33.1
18045,2013,FOUNTAIN,183.5,101.9,13,19.84295081967213,191.52,21.98741935483871,104.54,20.696229508196723,110.56,8,0,17,57.400000000000006
18045,2014,FOUNTAIN,204.8,183.5,14,19.832622950819673,250.66,20.211935483870967,106.43,19.784590163934425,206.51,0,0,11,70.02000000000001
18045,2015,FOUNTAIN,169.4,204.8,15,20.008688524590163,397.49,22.401612903225807,145.38,21.0327868852459,114.98,6,0,11,78.85000000000002
18045,2016,FOUNTAIN,191.8,169.4,16,19.462295081967213,219.24,23.287741935483872,160.35,22.558196721311475,243.54,10,0,16,79.13
18045,2017,FOUNTAIN,183.7,191.8,17,18.90606557377049,278.77,23.423548387096776,146.07,20.26704918032787,92.64,10,0,6,80.29
18047,2001,FRANKLIN,159.3,157.8,1,19.192131147540984,262.61,23.107096774193547,217.43,20.74032786885246,216.09,13,0,8,84.44999999999999
18047,2002,FRANKLIN,78.1,159.3,2,18.742786885245902,312,24.916451612903227,23.38,22.93360655737705,174.95,25,0,9,79.59
18047,2003,FRANKLIN,138.8,78.1,3,17.89688524590164,267.31,22.620645161290323,206.29000000000002,20.535573770491805,213.38,7,0,10,105.88999999999999
18047,2004,FRANKLIN,162.3,138.8,4,20.305573770491804,244.34,22.405806451612904,117.8,20.394262295081965,93.36,13,0,14,64.74000000000001
18047,2005,FRANKLIN,149.7,162.3,5,18.56737704918033,161.76,24.10516129032258,98.08,22.36032786885246,245.57999999999998,16,0.3200000000000003,10,55.97999999999999
18047,2006,FRANKLIN,154.1,149.7,6,17.98016393442623,243.78,23.976774193548387,140,20.389508196721312,214.25,15,0,11,51.16999999999999
18047,2007,FRANKLIN,125.9,154.1,7,20.556065573770493,122.02,21.881612903225808,64.62,23.358852459016394,92.01,5,0,11,39.42
18047,2008,FRANKLIN,135,125.9,8,18.20360655737705,327.86,22.659354838709678,106.59,21.007213114754098,75.8,11,0,16,92.37
18047,2009,FRANKLIN,185,135,9,19.584098360655737,252.95000000000002,20.41032258064516,129.48,20.225081967213114,217.62,1,0,8,58.58000000000004
18047,2010,FRANKLIN,159.8,185,10,20.71967213114754,343.99,24.48032258064516,74.92,22.030983606557378,65.04,20,0,9,90.85000000000002
18047,2011,FRANKLIN,126.5,159.8,11,19.25016393442623,286.21,26.301290322580645,27.819999999999997,20.45360655737705,209.33,25,3.519999999999996,11,76.31
18047,2012,FRANKLIN,89.1,126.5,12,20.70983606557377,140.38,26.66774193548387,71.37,20.126393442622952,193.98,27,17.20999999999998,10,62.330000000000005
18047,2013,FRANKLIN,179.2,89.1,13,19.797049180327868,199.87,22.441612903225806,86.75,20.60672131147541,124.21000000000001,10,0,13,39.66
18047,2014,FRANKLIN,194.1,179.2,14,19.78967213114754,273.02,20.651935483870968,87.14999999999999,20.338196721311476,173.89,4,0,11,75.47
18047,2015,FRANKLIN,182.4,194.1,15,20.53,237.57,22.995483870967742,165.79999999999998,20.94344262295082,122.89,10,0,8,77.09000000000003
18047,2016,FRANKLIN,175.3,182.4,16,19.189836065573772,205,23.594193548387096,105.99,22.82295081967213,332.5,13,0,7,40.93000000000001
18047,2017,FRANKLIN,177.7,175.3,17,18.49983606557377,338.59,23.281612903225806,193.55,20.261147540983607,115.09,7,0,9,71.03000000000003
18047,2018,FRANKLIN,185.7,177.7,18,22.122295081967213,213.88,23.558387096774194,88.89,22.54672131147541,291.32,17,0,10,54.650000000000006
18047,2019,FRANKLIN,152,185.7,19,19.31377049180328,319.29,24.62516129032258,69.38,22.43655737704918,63.95,24,0,7,123.96000000000001
18047,2020,FRANKLIN,184.9,152,20,18.641475409836065,241.74,24.77806451612903,95.77,20.595573770491804,123.06,23,0,6,61.07
18047,2021,FRANKLIN,174.4,184.9,21,18.69737704918033,310.05,23.183548387096774,149.81,22.014918032786884,167.14,11,0,11,84.86000000000001
18049,2001,FULTON,143.2,135.6,1,18.178196721311476,224.86,22.177419354838708,166.83,19.365081967213115,213.71,12,0,9,76.73000000000002
18049,2002,FULTON,118.1,143.2,2,17.257377049180327,203.39,24.338709677419356,88.25999999999999,21.15311475409836,129.46,21,0,11,85.78
18049,2003,FULTON,144.7,118.1,3,16.808032786885246,221.14,21.872258064516128,255.66,19.794754098360656,211.78,7,0,11,176.4
18049,2004,FULTON,159.5,144.7,4,18.50360655737705,286.94,21.537741935483872,112.78999999999999,18.988688524590163,247.25,6,0,7,97.41
18049,2005,FULTON,158.9,159.5,5,18.501803278688524,134.85999999999999,23.322580645161292,116.00999999999999,21.303606557377048,194.35,15,0,10,45.72
18049,2006,FULTON,148.3,158.9,6,17.328196721311475,219.48,23.364516129032257,143.62,19.12344262295082,213.71,11,0,7,79.85000000000001
18049,2007,FULTON,155.9,148.3,7,19.67065573770492,127.32,21.419354838709676,123.85000000000001,21.20622950819672,221.3,5,0,7,60.91
18049,2008,FULTON,169,155.9,8,17.272786885245903,257.2,22.170645161290324,55.9,20.0227868852459,208.58,7,0,8,49.06999999999999
18049,2009,FULTON,160,169,9,18.201311475409835,211.14,19.876451612903224,72.86,19.30934426229508,167.54,0,0,5,79.71000000000001
18049,2010,FULTON,169.8,160,10,19.59409836065574,319.49,23.973870967741934,118.50999999999999,21.107540983606558,126.12,17,0,9,62.39999999999999
18049,2011,FULTON,155,169.8,11,18.838196721311476,263.36,25.10225806451613,102.92999999999999,19.304098360655736,222.07,24,2.9399999999999977,8,86.19
18049,2012,FULTON,127.1,155,12,20.01016393442623,93.34,25.829677419354837,83.11,19.236065573770492,196.58,23,14.000000000000007,6,37.099999999999994
18049,2013,FULTON,179,127.1,13,19.171475409836066,304.92,21.78516129032258,44.23,19.64016393442623,163.79,9,0,10,99.12
18049,2014,FULTON,177.9,179,14,19.091311475409835,222.34,19.977096774193548,53.58,19.284098360655737,289.82,2,0,7,73.39000000000001
18049,2015,FULTON,142.1,177.9,15,19.118524590163936,401,21.588387096774195,122.23,20.554754098360654,141.83,4,0,14,106.69
18049,2016,FULTON,176.7,142.1,16,18.435081967213115,179.82,23.058387096774194,123.73,22.04213114754098,254.73,14,0,13,41.68000000000001
18049,2017,FULTON,200,176.7,17,17.887540983606556,264.11,22.528709677419354,178.15,19.448524590163935,133.99,4,0,6,76.10999999999996
18049,2018,FULTON,187.2,200,18,20.934918032786886,198.5,23.02193548387097,84.77,21.401803278688526,236.52,13,0,10,68.25
18049,2019,FULTON,172.8,187.2,19,17.700983606557376,252.38,24.340645161290322,52.74,20.725737704918032,233.95,20,0,12,48.730000000000004
18049,2020,FULTON,181,172.8,20,18.192622950819672,185.07,24.298709677419357,62.06,19.68,128.81,16,0,12,79.11
18049,2021,FULTON,185,181,21,18.071967213114753,309.34,22.441290322580645,98.22,21.495409836065573,175.13,10,0,11,112.57
18051,2001,GIBSON,165.7,159.5,1,21.077704918032786,189.22,25.18,157.2,22.279180327868854,169.35,21,0,11,68.72
18051,2002,GIBSON,110.1,165.7,2,20.921311475409837,325.65000000000003,27.038709677419355,58.13,24.538032786885246,185.43,29,1.7700000000000031,12,108.60999999999999
18051,2003,GIBSON,136.7,110.1,3,19.387049180327868,319.18,25.07548387096774,72.67999999999999,22.324590163934428,137.84,21,0,15,102.69999999999999
18051,2004,GIBSON,185.2,136.7,4,21.971803278688526,285.94,23.866451612903226,199.62,21.595081967213115,155.68,14,0,14,112.77
18051,2005,GIBSON,155.7,185.2,5,20.778032786885245,179.18,25.315483870967743,72.17,24.371311475409836,246.92,22,0.6000000000000014,10,92.79
18051,2006,GIBSON,163.8,155.7,6,20.477704918032785,244.18,25.86225806451613,111.63,21.86606557377049,335.5,22,0.5300000000000011,6,72.88999999999999
18051,2007,GIBSON,162.3,163.8,7,22.535737704918034,167.9,24.22806451612903,64.95,25.27393442622951,161.79,20,0,11,44.18000000000001
18051,2008,GIBSON,168,162.3,8,20.57639344262295,284.23,24.817096774193548,145.67,22.370819672131148,128.48000000000002,19,0,24,86.1
18051,2009,GIBSON,166,168,9,21.638524590163936,256.41,22.713870967741936,190.51,21.988852459016393,193.95,6,0,7,52.19
18051,2010,GIBSON,155,166,10,22.96049180327869,224.66,26.601290322580645,93.36,24.13606557377049,51.08,28,0.5600000000000023,14,64.16
18051,2013,GIBSON,177,64.8,13,20.931803278688523,301.61,23.87516129032258,123.11,22.55934426229508,92.7,13,0,18,80.48000000000002
18051,2014,GIBSON,195.3,177,14,21.795573770491803,227.95000000000002,22.489677419354837,73.66,22.251475409836065,205.53,11,0,11,83.54
18051,2015,GIBSON,177.1,195.3,15,21.824754098360657,309.95,25.21,127.64,22.404754098360655,118.69999999999999,16,0,11,129.99
18051,2016,GIBSON,161.7,177.1,16,21.172622950819672,181.67,25.434516129032257,191.07,24.132131147540985,182.24,21,0,8,121.56
18051,2017,GIBSON,194.6,161.7,17,21.06754098360656,211.99,25.71741935483871,104.67,22.079016393442622,76.58999999999999,22,0.779999999999994,9,68.53
18051,2018,GIBSON,184,194.6,18,23.954426229508197,393.19,25.22064516129032,76.29,24.165573770491804,258.23,22,0.09000000000000341,10,132.23
18051,2019,GIBSON,179,184,19,21.158688524590165,406.12,25.706129032258065,135.09,24.131147540983605,133.07,23,0,7,101.17000000000002
18051,2020,GIBSON,200.3,179,20,20.504754098360657,288.53,26.326451612903227,180.88,22.161639344262294,148.46,26,0,13,99.18
18053,2001,GRANT,163.9,153.9,1,18.88983606557377,239.1,22.658387096774195,136.18,19.90688524590164,223.6,12,0,11,61.09
18053,2002,GRANT,109.6,163.9,2,18.181803278688523,194.75,24.74838709677419,58.120000000000005,21.81655737704918,197.35999999999999,21,0,8,68.11000000000001
18053,2003,GRANT,150,109.6,3,17.437049180327868,247.18,22.088709677419356,257.48,19.90377049180328,329.68,7,0,6,195.79
18053,2004,GRANT,176.2,150,4,19.097540983606557,300.8,21.874193548387098,88.49,19.708196721311474,175.34,8,0,7,115.00999999999999
18053,2005,GRANT,166.5,176.2,5,18.649016393442622,133.37,23.45806451612903,107.18,21.807540983606557,217.02,13,0,10,53.059999999999995
18053,2006,GRANT,159.5,166.5,6,17.815573770491802,252.03,23.93,126.38000000000001,19.684426229508198,198.4,11,0,7,71.71
18053,2007,GRANT,128.7,159.5,7,20.35,99.58,21.71516129032258,53.84,22.03983606557377,255.96,7,0,8,35.79
18053,2008,GRANT,166,128.7,8,17.93229508196721,307.27,22.563870967741934,76.58,20.498524590163935,127.26,10,0,16,67.75999999999999
18053,2009,GRANT,171,166,9,18.80049180327869,201.78,20.63774193548387,55.63,20.03934426229508,114.19,1,0,6,53.01
18053,2010,GRANT,158.4,171,10,20.228688524590165,352.34,24.198064516129033,100.53,21.332786885245902,105.41,18,0,9,69.5
18053,2014,GRANT,185,181.1,14,19.165573770491804,257.53,20.091290322580644,41.56,19.52409836065574,293.63,1,0,11,79.77
18053,2015,GRANT,135.1,185,15,19.258032786885245,396.92,21.933225806451613,145.09,20.601803278688525,115.46000000000001,4,0,6,101.28000000000003
18053,2018,GRANT,204.4,169.6,18,21.482295081967212,213.96,22.984193548387097,112.64,21.834262295081967,323.15999999999997,12,0,6,91.04000000000002
18053,2021,GRANT,210.3,187.8,21,18.654590163934426,199.9,22.869032258064518,98.35,21.82409836065574,222.62,9,0,8,58.010000000000005
18055,2001,GREENE,159.2,153.9,1,19.790655737704917,225.27,23.787741935483872,138.06,21.21967213114754,145.94,16,0,11,72.14
18055,2002,GREENE,106.3,159.2,2,19.260983606557378,359.27000000000004,25.546774193548387,57.16,23.04311475409836,188.74,24,0.5600000000000023,13,118.49000000000001
18055,2003,GREENE,141.6,106.3,3,18.104590163934425,256.59,23.521290322580644,174.55,20.905081967213114,221.42,11,0,15,90.12
18055,2004,GREENE,161.2,141.6,4,20.566885245901638,277.22,22.503548387096775,188.7,20.392295081967212,112.21000000000001,8,0,13,113.28000000000002
18055,2005,GREENE,162,161.2,5,19.242131147540984,197.51,24.13290322580645,113.63,22.96688524590164,261.73,19,0.240000000000002,16,89.22000000000001
18055,2006,GREENE,143.8,162,6,18.975409836065573,240.51999999999998,24.553870967741936,84.06,20.874426229508195,246.48,17,0,7,51.97
18055,2007,GREENE,142.5,143.8,7,21.230819672131148,168.54,22.683870967741935,68.42,23.915573770491804,105.36999999999999,13,0,11,58.81
18055,2008,GREENE,136,142.5,8,18.855573770491805,431.64,23.536129032258064,137.21,21.352622950819672,101.77,15,0,25,135.39
18055,2009,GREENE,166,136,9,19.99081967213115,375.55,21.19225806451613,139.01,20.689344262295084,189.71,0,0,6,99.38999999999999
18055,2010,GREENE,125.8,166,10,21.27688524590164,339.9,25.183870967741935,140.96,22.722131147540985,51.199999999999996,24,0,15,82.67000000000002
18055,2011,GREENE,130.9,125.8,11,19.91918032786885,335.90999999999997,26.425483870967742,54.85,21.14409836065574,180.15,27,2.530000000000001,11,83.61
18055,2017,GREENE,161.1,156,17,19.53967213114754,261.25,24.359032258064516,148.18,21.237868852459016,56.13,17,0,8,89.91999999999999
18055,2018,GREENE,179.1,161.1,18,23.095081967213115,261.59,24.39225806451613,69.66,23.014590163934425,281.85,21,0,8,115.87999999999998
18055,2019,GREENE,133.7,179.1,19,19.999180327868853,344.44,24.948064516129033,103.17999999999999,22.928688524590164,137.57,21,0,7,113.83999999999997
18055,2020,GREENE,184.3,133.7,20,19.36622950819672,206.06,25.289032258064516,197.85,21.098852459016392,109.75,26,0,14,85.71
18055,2021,GREENE,198.8,184.3,21,19.64,229.29999999999998,24.003548387096775,142.9,22.72967213114754,167.59,14,0,12,65.72999999999999
18057,2001,HAMILTON,156.7,141,1,19.058032786885246,199.87,23.039677419354838,141.82,20.168360655737704,207.42,14,0,11,50.140000000000015
18057,2002,HAMILTON,126.7,156.7,2,18.455409836065574,286.21999999999997,24.70193548387097,53.85,21.932786885245903,185.42,21,0,10,81.25
18057,2003,HAMILTON,139.6,126.7,3,17.597377049180327,245.81,22.533548387096776,267.08,20.282295081967213,329.5,8,0,10,174.48000000000002
18057,2004,HAMILTON,167.1,139.6,4,19.825737704918033,283.09,21.939354838709676,108.22,20.024918032786886,115.02,6,0,7,87.49000000000001
18057,2005,HAMILTON,146.5,167.1,5,18.811475409836067,159.45000000000002,23.43,160.89000000000001,21.921311475409837,227.62,12,0,8,62.35000000000002
18057,2006,HAMILTON,166.4,146.5,6,17.915245901639345,258.88,24.067096774193548,110.85,19.871311475409836,215.7,15,0,7,58.07000000000001
18057,2007,HAMILTON,149.6,166.4,7,20.455245901639344,116.32,21.850645161290323,48.949999999999996,22.532295081967213,173.35,6,0,12,42
18057,2008,HAMILTON,164,149.6,8,18.108196721311476,362.32,22.79258064516129,116.39,20.617213114754097,118.15,12,0,16,101.23000000000002
18057,2009,HAMILTON,172,164,9,18.894918032786887,268.84,20.308709677419355,67.58,19.724098360655738,124.38000000000001,1,0,6,70.63000000000001
18057,2010,HAMILTON,174.7,172,10,20.341967213114753,394.57,24.179032258064517,114.33,21.607868852459017,65.13,16,0,9,95.74000000000001
18057,2011,HAMILTON,124.9,174.7,11,19.389344262295083,296.31,25.884193548387096,41.339999999999996,19.88983606557377,213.70000000000002,24,3.210000000000001,12,62.75999999999999
18057,2012,HAMILTON,121.9,124.9,12,20.621639344262295,98.44000000000001,26.62451612903226,51.95,19.52688524590164,307.32,28,16.619999999999997,13,48.14
18057,2013,HAMILTON,173.6,121.9,13,19.677868852459017,226,22.08967741935484,49.5,20.519180327868852,117.31,7,0,13,54.97
18057,2014,HAMILTON,197.3,173.6,14,19.397868852459016,267.79,20.006774193548388,81.47,19.697540983606558,198.54,1,0,8,85.93
18057,2015,HAMILTON,145.4,197.3,15,19.61639344262295,328.96999999999997,22.273225806451613,169.49,20.664754098360657,98.6,4,0,7,99.31
18057,2016,HAMILTON,179.5,145.4,16,18.941803278688525,246.68,23.175806451612903,102.45,22.417213114754098,314.59000000000003,12,0,11,67.28
18057,2017,HAMILTON,155.7,179.5,17,18.578852459016392,357.64,23.07548387096774,192.76,20.053934426229507,74.64,7,0,13,94.82
18057,2018,HAMILTON,174.5,155.7,18,21.992295081967214,203.16,23.08516129032258,82.22,21.779016393442625,312.85,12,0,6,75.86000000000001
18057,2019,HAMILTON,156.7,174.5,19,18.665737704918033,260.01,24.780645161290323,71.39,21.687377049180327,116.48,20,0,9,79.19999999999999
18057,2020,HAMILTON,188.7,156.7,20,18.389344262295083,202.21,24.31032258064516,107.99,20.213770491803277,89.87,16,0,9,55.019999999999996
18057,2021,HAMILTON,216,188.7,21,18.671967213114755,188.7,22.880967741935486,123.15,21.810327868852458,205.65,11,0,10,58.03
18059,2001,HANCOCK,159.8,156.2,1,19.09245901639344,228.28,23.309677419354838,175.48,20.424590163934425,213.6,15,0,11,57.59
18059,2002,HANCOCK,117,159.8,2,18.55327868852459,304.78000000000003,24.674193548387095,73.95,22.240163934426228,160.99,22,0,9,75.59
18059,2003,HANCOCK,146.6,117,3,17.692131147540984,238.63,22.41548387096774,233.82999999999998,20.01360655737705,297.97,7,0,10,142.4
18059,2004,HANCOCK,168.9,146.6,4,19.90655737704918,288.09,22.049032258064518,117.33,19.999344262295082,114.35000000000001,7,0,12,74.89000000000001
18059,2005,HANCOCK,148.5,168.9,5,18.805737704918034,173.71,23.60483870967742,154.98,21.970983606557375,254.67,12,0,10,65.47
18059,2006,HANCOCK,155.4,148.5,6,17.947704918032787,288.88,23.789354838709677,121.22,19.83950819672131,209.07,15,0,7,70.87
18059,2007,HANCOCK,148.3,155.4,7,20.642459016393442,116.66,21.87258064516129,46.06,22.764098360655737,156.9,7,0,12,40.14
18059,2008,HANCOCK,151,148.3,8,18.11672131147541,416.26,22.649032258064516,136.51,20.646229508196722,120.42999999999999,12,0,16,126.02999999999997
18059,2009,HANCOCK,185,151,9,19.15770491803279,289.93,20.379354838709677,92.91,19.86672131147541,179.45999999999998,1,0,6,76.92000000000002
18059,2010,HANCOCK,153.5,185,10,20.589180327868853,412.11,24.49258064516129,102.04,21.75622950819672,71.99,19,0,9,94
18059,2011,HANCOCK,146.8,153.5,11,19.455901639344262,283.36,26.194193548387098,42.05,20.150655737704916,221.89000000000001,26,5.050000000000004,12,65.17000000000002
18059,2012,HANCOCK,90.5,146.8,12,20.92573770491803,109.99,26.785806451612903,39.839999999999996,19.791147540983605,300.44,28,19.389999999999993,16,57.26
18059,2013,HANCOCK,173.7,90.5,13,19.911803278688524,177.66,22.377096774193546,59.99,20.731639344262295,128.27,9,0,13,40.03
18059,2014,HANCOCK,188.6,173.7,14,19.807704918032787,271.2,20.34032258064516,82.02,19.858196721311476,179.57,2,0,10,90.14
18059,2015,HANCOCK,149.9,188.6,15,20.01704918032787,310.51,22.49258064516129,175.20000000000002,20.625737704918034,106.17,6,0,7,89.94999999999999
18059,2016,HANCOCK,172.4,149.9,16,19.070983606557377,218.67,23.409354838709678,106.5,22.605245901639343,292.81,11,0,11,53.28999999999999
18059,2017,HANCOCK,158.1,172.4,17,18.731311475409836,336.76,23.22290322580645,221.82999999999998,20.28688524590164,75.56,8,0,10,102.09999999999997
18059,2018,HANCOCK,187.5,158.1,18,22.193770491803278,222.73,23.38064516129032,123.67,22.10344262295082,335.81,13,0,6,71.18
18059,2019,HANCOCK,138.2,187.5,19,19.02360655737705,330.13,24.860967741935482,104.81,21.94967213114754,100.13,21,0,9,116
18059,2020,HANCOCK,188.5,138.2,20,18.66016393442623,237.64000000000001,24.43741935483871,100.67999999999999,20.24344262295082,110.78999999999999,17,0,9,61.370000000000005
18059,2021,HANCOCK,190.2,188.5,21,18.748852459016394,237.23,22.83483870967742,149.7,21.805573770491804,184.88,10,0,10,70.06
18061,2001,HARRISON,141.1,153.7,1,20.128688524590164,187.16,24.34,92.57,21.637868852459018,180.9,17,0,8,54.29000000000002
18061,2002,HARRISON,66.8,141.1,2,20.098032786885245,274.85,25.734193548387097,54.800000000000004,23.672459016393443,261.62,25,0,12,81.24000000000001
18061,2003,HARRISON,134.3,66.8,3,18.915081967213116,247.07999999999998,23.651935483870968,88.26,21.32295081967213,253.79,12,0,10,74.09
18061,2004,HARRISON,145.8,134.3,4,21.464262295081966,320.13,23.246774193548386,123.58,20.92327868852459,102.27,12,0,14,126.36999999999999
18061,2005,HARRISON,125.7,145.8,5,20.139016393442624,175.76,24.660967741935483,107.78999999999999,23.565245901639344,202.26999999999998,21,0,22,80.13000000000001
18061,2006,HARRISON,142.3,125.7,6,19.291147540983605,238,24.68258064516129,129.06,21.281967213114754,385.16,18,0,10,80.82999999999998
18061,2007,HARRISON,105.7,142.3,7,21.644426229508195,114.96,23.418064516129032,104.46,24.84672131147541,119.28,15,0,11,36.68
18061,2008,HARRISON,122,105.7,8,20.184426229508198,229.12,24.3341935483871,111.14,22.547704918032785,67.98,18,0,25,50.63
18061,2009,HARRISON,174,122,9,20.53934426229508,266.21,21.63290322580645,180.67,21.367704918032786,244,2,0,7,73.19999999999999
18061,2010,HARRISON,130,174,10,22.52327868852459,294.28999999999996,26.11258064516129,135.95,23.824754098360657,63.8,27,0,9,107.00999999999999
18061,2011,HARRISON,105.7,130,11,20.82688524590164,324.94,26.795483870967743,65.32,21.57622950819672,201.53,28,1.0399999999999991,11,97.82
18061,2012,HARRISON,52.2,105.7,12,22.025409836065574,197.8,27.594193548387096,99.85000000000001,21.620983606557377,251.72,30,34.220000000000006,10,76.63
18061,2013,HARRISON,168,52.2,13,20.761147540983607,266.06,23.150645161290324,96.89,22.039016393442623,134.02,12,0,10,78
18061,2014,HARRISON,178,168,14,21.388360655737706,163.96,22.380967741935482,117.67,21.73049180327869,193.01000000000002,10,0,10,68.60000000000001
18061,2015,HARRISON,173.1,178,15,21.541311475409834,244.47,24.593870967741935,182.69,22.099508196721313,123.36,17,0,11,101.3
18061,2016,HARRISON,149.8,173.1,16,20.584754098360655,238.6,25.23516129032258,171.63,23.814426229508197,192.49,20,0,10,101.33999999999997
18061,2017,HARRISON,162.5,149.8,17,20.376229508196722,264.35,24.914516129032258,96.72,21.373934426229507,190.98,21,0.07000000000000028,10,74.8
18061,2018,HARRISON,189.2,162.5,18,23.387868852459015,256.11,24.639032258064518,98.13,23.394098360655736,373.11,20,0.03999999999999915,11,71.88000000000002
18061,2019,HARRISON,133.7,189.2,19,20.98409836065574,353.68,25.43161290322581,86.19,24.047704918032785,92.06,25,0,9,89.34
18061,2020,HARRISON,182,133.7,20,19.877704918032787,243.52,25.76516129032258,192.26000000000002,21.539180327868852,225.54,25,0,5,96.78000000000003
18061,2021,HARRISON,188.4,182,21,20.195409836065572,146.23,24.546774193548387,221.61,23.04622950819672,253.71,18,0,12,102.55000000000001
18063,2001,HENDRICKS,160.7,144.2,1,19.020983606557376,198.21,22.890645161290323,149.81,20.21,192.91,13,0,11,65.46000000000001
18063,2002,HENDRICKS,147,160.7,2,18.40344262295082,292.13,24.631612903225808,66.96000000000001,21.982131147540983,176.82,20,0,10,77.23
18063,2003,HENDRICKS,158.6,147,3,17.37688524590164,246.14,22.48483870967742,246.60999999999999,19.97770491803279,319.90999999999997,7,0,10,125.69999999999999
18063,2004,HENDRICKS,177.7,158.6,4,19.60327868852459,283.47,21.831290322580646,154.93,19.69065573770492,97,3,0,13,68.38000000000001
18063,2005,HENDRICKS,145.7,177.7,5,18.69983606557377,165.87,23.40516129032258,126.84,21.892459016393442,233.21,11,0,8,68.48000000000002
18063,2006,HENDRICKS,154.9,145.7,6,17.878360655737705,256.9,23.963870967741936,90.42,19.705901639344262,190.97,12,0,7,58.00999999999999
18063,2007,HENDRICKS,154.3,154.9,7,20.421803278688525,120.78,21.90290322580645,60.93,22.62672131147541,160.3,4,0,7,35.629999999999995
18063,2008,HENDRICKS,147,154.3,8,17.785081967213113,431.83,22.54064516129032,169.39,20.434262295081968,123.77,8,0,13,158.95999999999998
18063,2009,HENDRICKS,179,147,9,18.979508196721312,300.84,20.18516129032258,111.36,19.797704918032785,148.28,0,0,6,84.08
18063,2010,HENDRICKS,162.5,179,10,20.281475409836066,369.76,24.189032258064515,113.48,21.78655737704918,38.61,15,0,9,83.5
18063,2011,HENDRICKS,130.3,162.5,11,19.154754098360655,277.7,25.78258064516129,29.269999999999996,20.06590163934426,181.04,23,1.2299999999999969,16,62.68000000000001
18063,2012,HENDRICKS,58.3,130.3,12,20.49377049180328,85.72,27.008387096774193,18.91,19.58049180327869,347.18,29,20.6,8,51.720000000000006
18063,2013,HENDRICKS,183.6,58.3,13,19.287704918032787,225.87,21.79290322580645,71.53,20.52639344262295,140.49,7,0,21,60.849999999999994
18063,2014,HENDRICKS,198.5,183.6,14,19.120983606557377,256.66,19.88,77.42,19.621475409836066,164.63,0,0,7,70.13
18063,2015,HENDRICKS,149.7,198.5,15,19.57672131147541,276.19,22.302258064516128,259.1,20.47639344262295,94.34,4,0,7,131.66999999999996
18063,2016,HENDRICKS,178.8,149.7,16,18.99622950819672,231.28,23.244516129032256,129.59,22.30688524590164,278.9,9,0,11,50.37000000000003
18063,2017,HENDRICKS,183.3,178.8,17,18.531803278688525,276.27,23.218709677419355,169.78,20.379016393442623,56.23,7,0,10,89.03
18063,2018,HENDRICKS,206.9,183.3,18,22.10344262295082,205.27,23.284193548387098,66.74,21.751475409836065,288.09,13,0,6,65.03999999999999
18063,2019,HENDRICKS,176.2,206.9,19,18.710819672131148,288.15,24.384193548387096,84.95,21.69967213114754,148.62,17,0,9,94.48000000000002
18063,2020,HENDRICKS,205.2,176.2,20,18.41639344262295,234.53,24.289677419354838,118.59,20.064098360655738,79.35,17,0,9,70.3
18063,2021,HENDRICKS,208.3,205.2,21,18.62672131147541,232.69,22.769354838709678,137.4,21.892295081967212,172.06,10,0,8,66.75000000000003
18065,2001,HENRY,160.8,155.5,1,18.74655737704918,257.94,22.606129032258064,182.04,19.915081967213116,201.5,12,0,10,60.489999999999995
18065,2002,HENRY,113.1,160.8,2,18.19016393442623,264.99,24.240967741935485,50.81999999999999,21.818524590163936,163.79,20,0,9,73.66999999999999
18065,2003,HENRY,153.5,113.1,3,17.228032786885244,226.69,21.752903225806453,230.60999999999999,19.55311475409836,330.73,7,0,10,159.79
18065,2004,HENRY,163.7,153.5,4,19.36016393442623,316.33,21.458709677419353,111.83,19.319016393442624,100.81,3,0,12,94.19999999999999
18065,2005,HENRY,154.1,163.7,5,18.248852459016394,169.96,23.37258064516129,113.01,21.701803278688523,250.39000000000001,13,0,10,56.75
18065,2006,HENRY,157.4,154.1,6,17.51737704918033,284.4,23.399677419354838,116.49,19.312622950819673,215.2,12,0,7,72.94
18065,2007,HENRY,147.3,157.4,7,20.15655737704918,104.67999999999999,21.18709677419355,53.91,22.031967213114754,190.07,4,0,7,36.28999999999999
18065,2008,HENRY,161,147.3,8,17.701147540983605,384.45,21.873870967741937,126.03,20.032295081967213,93.92,5,0,16,110.95000000000002
18065,2009,HENRY,187,161,9,18.632131147540985,262.43,19.89483870967742,84.01,19.341803278688523,160.57,1,0,6,63.89
18065,2010,HENRY,160.9,187,10,19.978196721311477,397.23,23.789032258064516,112.27,21.211803278688524,70.88,15,0,9,84.14999999999998
18065,2011,HENRY,149.9,160.9,11,19.094754098360657,278.42,25.56064516129032,55.99,19.545245901639344,244.15,24,3.4000000000000057,8,69.01
18065,2012,HENRY,92.4,149.9,12,20.314098360655738,123.07,26.101612903225806,52.41,19.271147540983605,283.29,27,13.820000000000007,13,58.129999999999995
18065,2015,HENRY,158,192.9,15,19.558688524590163,334.16,21.876129032258063,133.64,20.077540983606557,113.78,4,0,7,77.80000000000001
18065,2016,HENRY,177.6,158,16,18.614590163934427,217.52,22.975806451612904,80.34,22.321311475409836,251.25,11,0,11,47.84
18065,2017,HENRY,172.7,177.6,17,18.145573770491804,342,22.67516129032258,215.27,19.749344262295082,87.19,6,0,10,79.89000000000004
18065,2018,HENRY,198.5,172.7,18,21.602622950819672,238.09,22.72483870967742,115.19,21.730655737704918,335.2,12,0,6,78.96000000000001
18065,2021,HENRY,204.2,196.6,21,18.63327868852459,203.09,22.53548387096774,156.76999999999998,21.727049180327867,196.49,9,0,11,74.85999999999996
18067,2001,HOWARD,169.1,151.1,1,18.795409836065573,195.17,22.428387096774195,144.93,19.660983606557377,196.12,13,0,8,54.84
18067,2002,HOWARD,141.5,169.1,2,18.052295081967213,178.77,24.615161290322582,77.27,21.492622950819673,174.98,21,0,11,51.34
18067,2003,HOWARD,152.6,141.5,3,17.269180327868852,242.3,22.23225806451613,354.63,19.955081967213115,303.25,7,0,11,253.85000000000002
18067,2004,HOWARD,183.1,152.6,4,19.330327868852457,323.88,21.79193548387097,142.07,19.53672131147541,195.32,7,0,7,128.35000000000005
18067,2005,HOWARD,168.6,183.1,5,18.744918032786885,135.13,23.296774193548387,121.53,21.688032786885245,221.61,11,0,8,56.410000000000004
18067,2006,HOWARD,166.4,168.6,6,17.637704918032785,248.26,23.706774193548387,106.88,19.550819672131148,218.79,12,0,7,71.97
18067,2007,HOWARD,170.5,166.4,7,20.184754098360656,139.14,21.4158064516129,62.989999999999995,21.820655737704918,202.78,5,0,7,46.57000000000001
18067,2008,HOWARD,188,170.5,8,17.61885245901639,342.68,22.384193548387096,86.88,20.102459016393443,132.14,6,0,16,75.74000000000001
18067,2009,HOWARD,186,188,9,18.82245901639344,216.95,20.183548387096774,59.45,19.588360655737706,104.72,1,0,6,64.86
18067,2010,HOWARD,169.4,186,10,19.912295081967212,389.45,23.886774193548387,89.74000000000001,21.32639344262295,117.26,14,0,9,82.23000000000002
18067,2011,HOWARD,163.9,169.4,11,19.23032786885246,310.13,25.493548387096773,56.22,19.573606557377047,241.32999999999998,23,2.1399999999999935,11,88.22999999999999
18067,2012,HOWARD,154.2,163.9,12,20.36622950819672,105.55,25.90774193548387,83.97,19.431311475409835,234,25,10.780000000000001,6,46.21000000000001
18067,2015,HOWARD,160.4,200.6,15,19.318032786885247,429.74,21.943870967741937,96.53,20.757377049180327,132.94,4,0,7,88.75999999999999
18067,2016,HOWARD,192.7,160.4,16,18.504754098360657,206.57,22.83,81.73,22.225737704918032,218.54999999999998,11,0,13,47.29999999999998
18067,2017,HOWARD,185.1,192.7,17,18.23655737704918,368.04,22.85225806451613,179.26,19.8,109.48,5,0,12,87.07000000000001
18067,2018,HOWARD,215.7,185.1,18,21.437868852459015,215.88,22.80741935483871,93.19,21.628360655737705,374.1,12,0,6,96.97000000000001
18067,2019,HOWARD,185.7,215.7,19,18.31655737704918,283.61,24.711290322580645,68.58,21.134262295081967,116.42999999999999,20,0,9,56.140000000000015
18067,2020,HOWARD,213.1,185.7,20,18.144918032786887,215.62,24.06258064516129,87.68,19.78688524590164,124.73,16,0,8,85.55
18067,2021,HOWARD,227,213.1,21,18.431475409836064,226.49,22.600967741935484,115.3,21.586721311475408,157.74,10,0,7,58.29
18069,2001,HUNTINGTON,161,140.9,1,18.691475409836066,222.19,22.67483870967742,141.83,19.96344262295082,224.68,12,0,10,55.890000000000015
18069,2002,HUNTINGTON,90.8,161,2,17.92622950819672,182.03,24.732580645161292,66.95,21.698032786885246,153.55,22,0.17999999999999972,9,65.11000000000001
18069,2003,HUNTINGTON,144.3,90.8,3,17.189180327868854,302.86,22.379677419354838,278.3,19.966229508196722,333.91,7,0,6,204.26
18069,2004,HUNTINGTON,164.5,144.3,4,18.945081967213113,329.79,21.88225806451613,121.36,19.509672131147543,180.48000000000002,7,0,5,117.98000000000002
18069,2005,HUNTINGTON,157.5,164.5,5,18.29655737704918,112.19,23.71741935483871,115.92999999999999,21.70639344262295,169.25,17,0,9,39.78000000000001
18069,2006,HUNTINGTON,156.6,157.5,6,17.69967213114754,255.5,23.77741935483871,104.74,19.465245901639346,167.26,12,0,7,85.5
18069,2007,HUNTINGTON,149.2,156.6,7,20.138852459016395,97.21,21.80483870967742,66.42,21.538032786885246,294.31,8,0,7,37.500000000000014
18069,2008,HUNTINGTON,154,149.2,8,17.654262295081967,266.66,22.436774193548388,75.11,20.42737704918033,107.67,6,0,16,54.3
18069,2009,HUNTINGTON,176,154,9,18.33737704918033,158.09,20.278387096774193,83.06,19.582622950819673,130.94,1,0,9,40.88
18069,2010,HUNTINGTON,166.9,176,10,20.188852459016392,300.07,24.346129032258062,115.41000000000001,21.12262295081967,112.22,20,0,9,58.500000000000014
18069,2011,HUNTINGTON,137.3,166.9,11,19.128852459016393,291.51,25.88806451612903,25.14,19.553606557377048,241.79,27,5.650000000000013,10,92.66999999999999
18069,2012,HUNTINGTON,108.3,137.3,12,20.270983606557376,74.89,25.84741935483871,88.99,19.115409836065574,205.6,24,12.71,12,41.040000000000006
18069,2013,HUNTINGTON,191.7,108.3,13,19.282622950819672,214.77,21.989032258064515,84.38,19.481803278688524,134.58,7,0,12,70.07
18069,2014,HUNTINGTON,185.4,191.7,14,18.88377049180328,228.44,20.031290322580645,51.41,19.355081967213113,277.38,1,0,8,85.02
18069,2015,HUNTINGTON,123.1,185.4,15,18.92704918032787,432.13,21.54258064516129,160.1,20.347540983606557,143.04,4,0,6,123.29000000000002
18069,2018,HUNTINGTON,183,167.2,18,20.90639344262295,214.68,22.63064516129032,106.35000000000001,21.44311475409836,248.04,12,0,10,85.50999999999999
18069,2019,HUNTINGTON,180.8,183,19,18.25245901639344,242.19,24.503870967741936,110.53999999999999,21.024262295081968,175.87,18,0,7,57.43999999999998
18069,2020,HUNTINGTON,186.1,180.8,20,18.16245901639344,169.03,24.315806451612904,95.42,19.869180327868854,135.34,17,0,12,74.07000000000001
18069,2021,HUNTINGTON,205.9,186.1,21,18.44704918032787,231.97,22.561612903225807,117.33,21.541147540983605,212.14000000000001,8,0,10,69.58000000000001
18071,2001,JACKSON,157,140.7,1,19.871639344262295,229.39,23.81193548387097,127.66,21.252131147540982,212.38,15,0,8,47.31
18071,2002,JACKSON,91.3,157,2,19.447704918032787,334.57,25.24,44.75,23.09704918032787,189.26000000000002,24,0,14,94.58
18071,2003,JACKSON,133.8,91.3,3,18.482131147540983,271.56,23.558709677419355,198.76,20.977704918032785,194.14,9,0,15,95.79000000000002
18071,2004,JACKSON,157.7,133.8,4,21.151475409836067,264.84,22.956451612903226,148.77,20.661311475409835,117.42999999999999,12,0,14,94.22
18071,2005,JACKSON,128.1,157.7,5,19.414918032786886,192.97,24.30516129032258,89.78999999999999,23.060655737704916,235.7,19,0,10,71.88
18071,2006,JACKSON,135.4,128.1,6,18.708360655737707,266.16,24.321612903225805,80.44,20.785081967213113,313.02,15,0,6,50.72
18071,2007,JACKSON,113,135.4,7,21.06606557377049,125.78999999999999,22.618387096774192,75.06,24.09032786885246,125.25,13,0,11,34.45
18071,2008,JACKSON,125,113,8,19.167540983606557,339.08,23.524516129032257,104.44,21.45360655737705,100.34,13,0,16,83.92999999999999
18071,2009,JACKSON,164,125,9,20.135737704918032,304.3,21.158387096774195,183.62,20.742295081967214,265.16,1,0,8,80.30999999999995
18071,2010,JACKSON,126.1,164,10,21.327213114754098,342.21,25.138387096774196,50.31,22.72622950819672,45.15,23,0,12,80.15
18071,2011,JACKSON,121.1,126.1,11,19.969016393442622,349.1,26.465806451612902,45.46,21.057704918032787,186.77,26,1.6300000000000026,9,88.74
18071,2012,JACKSON,81.3,121.1,12,21.41032786885246,97.13,27.289032258064516,78.33,20.877540983606558,196.26,28,28.619999999999997,10,39.51
18071,2013,JACKSON,148.8,81.3,13,20.30950819672131,259.3,22.940322580645162,67.12,21.41245901639344,102.54,11,0,9,81.38000000000002
18071,2014,JACKSON,171.5,148.8,14,20.48262295081967,254.65,21.369032258064514,137.56,20.73327868852459,160.15,7,0,10,76.64
18071,2015,JACKSON,151.6,171.5,15,20.590655737704918,275.46,23.47967741935484,210.48,21.43655737704918,100.78999999999999,11,0,11,98.78999999999999
18071,2016,JACKSON,161.1,151.6,16,19.922295081967214,167.5,24.181290322580644,162.55,23.34377049180328,301.55,14,0,7,80.72999999999999
18071,2017,JACKSON,166.7,161.1,17,19.389508196721312,324.2,23.971612903225807,138.69,20.952950819672132,103.55,11,0,7,73.57000000000002
18071,2018,JACKSON,173.2,166.7,18,22.61639344262295,264.97,23.848387096774193,91.8,22.74606557377049,303.43,15,0,12,85.59
18073,2001,JASPER,147.7,146.1,1,18.609180327868852,199.65,22.725161290322582,117.84,19.707377049180327,172.28,16,0,8,56.36
18073,2002,JASPER,147,147.7,2,17.75016393442623,198.27,24.52032258064516,109.16,20.810163934426228,152.61,20,0.1600000000000037,11,82.07000000000001
18073,2003,JASPER,122.8,147,3,16.73639344262295,236.98000000000002,22.226774193548387,347.04,19.95016393442623,171.97,8,0,12,192.93000000000004
18073,2004,JASPER,174.9,122.8,4,18.589344262295082,282.51,21.710967741935484,95.07,19.082131147540984,258.94,7,0,7,103.13000000000002
18073,2005,JASPER,159.7,174.9,5,18.86016393442623,98.99,23.682903225806452,93.25,21.667213114754098,214.32,16,0,11,32.489999999999995
18073,2006,JASPER,158.6,159.7,6,17.691311475409837,200.48,23.732903225806453,168.58,19.668032786885245,230.62,11,0,7,62.66
18073,2007,JASPER,171,158.6,7,20.114426229508197,156.19,21.515483870967742,91.33999999999999,21.722295081967214,227.64000000000001,5,0,7,47.71000000000001
18073,2008,JASPER,182,171,8,17.617213114754097,225.17000000000002,22.433225806451613,75.58,19.87704918032787,305.75,8,0,7,55.42
18073,2009,JASPER,160,182,9,18.49655737704918,235.71,20.113548387096774,72.4,19.335081967213114,101,0,0,8,91.07000000000001
18073,2010,JASPER,162.5,160,10,19.667377049180327,327.66,24.29,106.75,21.119672131147542,143.55,17,0,9,55.85000000000002
18073,2011,JASPER,157.9,162.5,11,18.748196721311476,278.03,25.309354838709677,99.55,19.308032786885246,191.33,20,3.5,10,78.38999999999999
18073,2012,JASPER,144.6,157.9,12,20.20655737704918,152.76,25.760967741935485,61.78,19.274426229508197,184.4,23,13.100000000000001,6,47.15999999999998
18073,2013,JASPER,179.9,144.6,13,19.04688524590164,303.15,21.954516129032257,45.41,20.25967213114754,147.85,9,0,8,77.83
18073,2014,JASPER,174.2,179.9,14,19.219180327868852,331.24,19.958709677419353,83.64999999999999,19.735573770491804,304.33,3,0,7,82.54999999999998
18073,2015,JASPER,98.3,174.2,15,19.115737704918033,471.88,22.043225806451613,140.62,20.80639344262295,164.85999999999999,8,0,6,113.19000000000003
18073,2016,JASPER,180.1,98.3,16,18.68262295081967,169.5,22.803548387096775,166.46,22.125081967213113,366.03999999999996,11,0,13,71.87
18073,2017,JASPER,183,180.1,17,18.148032786885246,245.49,22.71741935483871,157.4,19.58098360655738,126.13,7,0,9,91.839999999999975
18073,2018,JASPER,164.5,183,18,21.0872131147541,252.22,22.52709677419355,52.769999999999996,21.490327868852457,183.16,9,0,8,93.93
18075,2001,JAY,148.6,147.4,1,18.77016393442623,214.84,22.61709677419355,122.67999999999999,19.779180327868854,237.32,12,0,10,61.08
18075,2002,JAY,69.3,148.6,2,18.203114754098362,179.39,24.74483870967742,60.28,21.80295081967213,162.13,24,0.00999999999999801,9,59.44
18075,2003,JAY,127.8,69.3,3,17.28327868852459,264.3,22.098709677419354,223.13,19.884262295081967,325.85,5,0,8,170.54999999999995
18075,2004,JAY,164.5,127.8,4,19.332622950819673,282.17,21.741290322580646,106,19.548688524590165,156.05,6,0,7,108.09
18075,2005,JAY,139.1,164.5,5,18.42377049180328,112.38,23.60483870967742,76.09,21.622295081967213,238.74,13,0,10,36.129999999999995
18075,2006,JAY,134,139.1,6,17.65590163934426,240.97,23.824193548387097,86.24,19.55639344262295,174.68,12,0,7,67.59
18075,2007,JAY,142.4,134,7,20.21704918032787,88.57000000000001,21.530967741935484,70.31,21.92655737704918,234.68,6,0,7,32.989999999999995
18075,2008,JAY,140,142.4,8,17.968196721311475,283.6,22.50032258064516,84.99,20.36655737704918,71.66,9,0,16,58.89
18075,2009,JAY,153,140,9,18.714590163934425,203.85,20.445483870967742,55.29,19.624262295081966,83.43,1,0,7,41.98
18075,2010,JAY,140.2,153,10,20.060491803278687,360.94,24.366774193548387,95.06,21.42327868852459,117.21000000000001,18,0,9,65.39
18075,2011,JAY,153.3,140.2,11,19.23672131147541,245.01999999999998,26.066774193548387,34.38,19.774754098360656,217.82999999999998,28,5.679999999999993,10,59.84999999999998
18075,2012,JAY,107.7,153.3,12,20.591967213114753,112.37,25.923870967741934,71.35000000000001,19.486229508196722,285.52,25,12.160000000000004,12,50.49
18075,2015,JAY,108.3,169.1,15,19.455245901639344,432.21,22.07774193548387,191.83,20.614262295081968,124.79,4,0,7,113.58000000000001
18075,2016,JAY,167.3,108.3,16,18.764918032786884,167.56,23.344516129032257,64.32000000000001,22.33983606557377,235.28,13,0,12,34.120000000000005
18075,2017,JAY,159.3,167.3,17,18.145901639344263,338.66,22.626451612903224,117.64,19.798688524590165,83.19,6,0,12,77.28
18075,2018,JAY,188.6,159.3,18,21.30934426229508,240.51,22.806129032258063,92.5,21.657213114754096,259.05,12,0,7,84.66999999999999
18075,2019,JAY,164.7,188.6,19,18.474262295081967,268.5,24.559354838709677,110.78,21.30016393442623,109.91,22,0,9,63.21000000000001
18075,2020,JAY,179.9,164.7,20,18.267704918032788,185.01999999999998,24.50032258064516,109.82,20.05327868852459,119.8,18,0,17,74.32
18077,2001,JEFFERSON,159,149.1,1,19.874918032786884,223.38,23.823870967741936,145.38,21.375245901639346,219.41,17,0,8,55.31999999999999
18077,2002,JEFFERSON,87,159,2,19.47737704918033,329.89,25.269354838709678,66.22,23.290327868852458,218.23999999999998,26,0,12,82.9
18077,2003,JEFFERSON,138.9,87,3,18.483442622950818,273.71,23.431612903225805,220.84,21.08983606557377,271.64,8,0,15,101.47999999999996
18077,2004,JEFFERSON,141.7,138.9,4,21.1,292.59,22.946774193548386,154.56,20.731311475409836,107.42,11,0,14,103.28
18077,2005,JEFFERSON,124,141.7,5,19.522786885245903,139.82,24.671290322580646,63.519999999999996,23.305081967213116,270.33,21,0.37999999999999545,14,44.65
18077,2008,JEFFERSON,108,123.7,8,19.279344262295083,339.65,23.516774193548386,92.19,21.69672131147541,123.32,13,0,16,80.089999999999975
18077,2011,JEFFERSON,114.4,127.4,11,19.945245901639343,351.32,26.75741935483871,60.42,21.42344262295082,184.15,26,2.4199999999999946,9,81.87
18077,2015,JEFFERSON,151.8,188,15,20.93655737704918,265.38,23.781612903225806,236.47,21.51049180327869,89.43,13,0,11,125.44999999999999
18077,2016,JEFFERSON,148.8,151.8,16,20.089344262295082,198.03,24.808387096774194,145.82999999999998,23.867704918032786,243.57,16,0,6,64.44999999999999
18077,2017,JEFFERSON,167.8,148.8,17,19.670163934426228,388.41,24.426774193548386,144.26,21.0572131147541,171.21,12,0,9,73.86000000000001
18077,2018,JEFFERSON,185,167.8,18,22.818360655737706,284.15,24.183870967741935,126.41,23.2527868852459,388.56,14,0,12,67.910000000000025
18077,2019,JEFFERSON,123.2,185,19,20.312459016393444,365.16,25.20741935483871,84.63,23.50049180327869,75.81,25,0,6,120.33999999999997
18077,2020,JEFFERSON,165,123.2,20,19.45639344262295,233.94,25.580645161290324,109.16,21.382295081967214,143.32999999999998,25,0,8,64.86000000000001
18077,2021,JEFFERSON,170.6,165,21,19.40377049180328,268.8,23.858709677419355,167.93,22.63,194.09,11,0,11,82.02000000000001
18079,2001,JENNINGS,151.7,147.4,1,19.619180327868854,243.1,23.649032258064516,127.03,21.182131147540982,244.22,15,0,8,51.129999999999995
18079,2002,JENNINGS,122.2,151.7,2,19.331639344262296,386.42,25.15838709677419,60.37,22.942622950819672,207.57,24,0,12,98.02000000000001
18079,2003,JENNINGS,136,122.2,3,18.392295081967212,274.93,23.388387096774192,215.37,20.955573770491803,214.57,8,0,15,105.47999999999996
18079,2004,JENNINGS,144.5,136,4,20.964918032786887,352.56,22.843225806451613,149.87,20.610655737704917,127.5,12,0,14,104.07
18079,2005,JENNINGS,141.2,144.5,5,19.315573770491802,173.39000000000001,24.426451612903225,81.09,23.006065573770492,276.99,19,0.23000000000000398,10,63.050000000000004
18079,2006,JENNINGS,142.5,141.2,6,18.56606557377049,265.43,24.36935483870968,98.41,20.858852459016394,310.26,15,0,7,49.56
18079,2007,JENNINGS,137.2,142.5,7,21.021967213114753,128.66,22.691290322580645,86.57000000000001,24.037704918032787,128.73,13,0,10,37.41
18079,2008,JENNINGS,127,137.2,8,19.07622950819672,367.32,23.45709677419355,124.41000000000001,21.42622950819672,103.25,12,0,16,84.69999999999999
18079,2009,JENNINGS,167,127,9,20.167377049180327,280.17,21.18032258064516,164.07,20.72655737704918,286.71000000000004,1,0,8,65.97000000000003
18079,2010,JENNINGS,131.1,167,10,21.365245901639344,329.64,25.16709677419355,53.339999999999996,22.881475409836064,56.37,22,0,9,79.28
18079,2011,JENNINGS,116.3,131.1,11,19.981475409836065,339.05,26.572903225806453,30.56,21.251967213114753,157.42,25,2.3900000000000006,11,85.33
18079,2012,JENNINGS,89.2,116.3,12,21.328524590163934,102.95,26.974193548387095,80.92,20.927868852459017,177.09,27,19.490000000000002,10,37.62
18079,2013,JENNINGS,156.4,89.2,13,20.307540983606557,265.7,22.980967741935483,65.28,21.470819672131146,118.17,10,0,9,71.78999999999999
18079,2014,JENNINGS,186.6,156.4,14,20.402622950819673,253.28,21.28,156.63,20.807540983606557,131.57,5,0,10,80.91
18079,2015,JENNINGS,160.3,186.6,15,20.6972131147541,262.48,23.40967741935484,259.06,21.344754098360657,101.63,11,0,11,133.92000000000002
18079,2016,JENNINGS,156.6,160.3,16,19.853770491803278,173.09,24.061290322580646,141.55,23.317213114754097,278.02,12,0,7,64.93
18079,2017,JENNINGS,171.4,156.6,17,19.303606557377048,367.29,23.925483870967742,124.76,20.874754098360654,128.34,9,0,9,78.16
18079,2018,JENNINGS,181.6,171.4,18,22.460983606557377,254.26000000000002,23.726774193548387,134.26,22.668360655737704,323.35,13,0,10,68.23000000000002
18079,2019,JENNINGS,134.8,181.6,19,19.920983606557378,383.34999999999997,24.886129032258065,57.919999999999995,22.947704918032787,99.74,23,0,7,129.31000000000003
18079,2020,JENNINGS,177.1,134.8,20,19.22360655737705,203.59,25.071290322580644,103.98,20.83377049180328,132.43,24,0,10,56.41999999999999
18079,2021,JENNINGS,171.9,177.1,21,19.20688524590164,263.21,23.43032258064516,163.23,22.424098360655737,220.56,11,0,12,80.23000000000005
18081,2001,JOHNSON,152.5,152.2,1,19.39934426229508,218.23,23.211935483870967,127.3,20.617213114754097,216.19,14,0,11,52.45000000000002
18081,2002,JOHNSON,113.6,152.5,2,18.83754098360656,317.91,25.071935483870966,39.69,22.710983606557377,170.24,22,0,9,93.06
18081,2003,JOHNSON,142.5,113.6,3,18.02639344262295,246.27,22.86064516129032,192.53,20.28065573770492,262.75,7,0,10,98.31
18081,2004,JOHNSON,172.9,142.5,4,20.301311475409836,284.49,22.361290322580643,137.09,20.298196721311477,108.64,7,0,13,77.52
18081,2005,JOHNSON,150.5,172.9,5,18.983770491803277,203.55,23.96709677419355,113.87,22.24737704918033,270.05,15,0,10,72.67
18081,2006,JOHNSON,152.1,150.5,6,18.240655737704916,281.97,23.95516129032258,130.02,20.164754098360657,220.61,12,0,7,61.5
18081,2007,JOHNSON,142,152.1,7,20.847868852459015,104.71,22.243870967741938,63.48,23.169672131147543,117.67,7,0,13,31.03
18081,2008,JOHNSON,142,142,8,18.282131147540984,451.65,22.871935483870967,137.07999999999998,20.84016393442623,114.78,12,0,16,181.16000000000003
18081,2009,JOHNSON,167,142,9,19.471803278688526,341.22,20.530645161290323,153.63,20.170327868852457,191.79,1,0,6,92.94000000000001
18081,2010,JOHNSON,140.2,167,10,20.728032786885244,361.24,24.68806451612903,80.67999999999999,22.141475409836065,30.44,19,0,9,85.05999999999997
18081,2011,JOHNSON,110,140.2,11,19.47393442622951,290.2,26.396451612903228,30.93,20.528688524590162,172.01999999999998,25,3.0700000000000074,16,64.19000000000003
18081,2012,JOHNSON,58.1,110,12,21.115901639344262,88.77,27.45,20.11,20.217377049180328,267.37,28,24.480000000000032,9,52.23
18081,2013,JOHNSON,172.9,58.1,13,19.945901639344264,206.68,22.439677419354837,66.36,20.954426229508197,101.58,8,0,13,41.49000000000001
18081,2014,JOHNSON,186.9,172.9,14,19.83967213114754,238.89,20.57741935483871,101.16,20.084262295081967,161.58,2,0,8,68.35999999999999
18081,2015,JOHNSON,152,186.9,15,20.22967213114754,255.17000000000002,22.81032258064516,241.38,20.888524590163936,97.84,7,0,7,104.43
18081,2016,JOHNSON,160.9,152,16,19.397540983606557,191.62,23.57709677419355,184.66,22.747377049180326,270.88,11,0,8,76.89999999999998
18081,2017,JOHNSON,175.4,160.9,17,18.923934426229508,295.45,23.64774193548387,185.53,20.531147540983607,85.14999999999999,8,0,10,92.09000000000003
18081,2020,JOHNSON,184.2,169.2,20,18.857704918032788,232.82999999999998,24.629677419354838,112.47,20.371639344262295,90.28999999999999,20,0,9,73.92999999999999
18081,2021,JOHNSON,171.9,184.2,21,18.775081967213115,271.15999999999997,23.058387096774194,176.87,21.96311475409836,204.35,10,0,8,84.75
18083,2001,KNOX,166.8,164.7,1,20.73426229508197,183.77,24.739032258064515,140.82,22.04327868852459,170.65,20,0,11,54.47999999999999
18083,2002,KNOX,107,166.8,2,20.477868852459018,327.94,26.660967741935483,52.800000000000004,23.98983606557377,193.96,28,2.770000000000003,13,116.98
18083,2003,KNOX,151,107,3,19.03360655737705,284.29,24.728387096774192,107.75999999999999,21.831639344262296,225.46,17,0,15,95.99000000000001
18083,2004,KNOX,183.6,151,4,21.465245901639346,263.04,23.355806451612903,176.9,21.047213114754097,116.34,10,0,19,109.81999999999998
18083,2005,KNOX,157.7,183.6,5,20.301475409836065,184.26,24.912580645161288,104.22,23.85311475409836,251.06,20,0.46000000000000085,10,92.16
18083,2006,KNOX,152.6,157.7,6,20.07918032786885,225.19,25.46258064516129,68.75,21.564426229508197,245.26,22,0.04999999999999716,6,44.54
18083,2007,KNOX,166.9,152.6,7,22.22327868852459,163.81,23.495806451612903,49.55,24.691147540983607,136.36,17,0,11,63.67999999999999
18083,2008,KNOX,165,166.9,8,19.96016393442623,329.54,24.256451612903227,113.55,21.882459016393444,128.46,18,0,25,99.55
18083,2009,KNOX,167,165,9,21.115245901639344,313.53,22.114193548387096,159.52,21.490163934426228,217.71,3,0,7,65.26
18083,2010,KNOX,163.8,167,10,22.40360655737705,307.22,26.016451612903225,166.24,23.530819672131148,70.85,26,0.030000000000001137,14,95.13
18083,2013,KNOX,180.2,71.4,13,20.57426229508197,371.49,23.47,108.22,22.09229508196721,87.04,12,0,18,92.05000000000001
18083,2014,KNOX,194.2,180.2,14,21.207213114754097,228.15,22.031612903225806,95.07000000000001,21.447704918032787,202.4,10,0,7,71.55000000000001
18083,2015,KNOX,164.5,194.2,15,21.372459016393442,327.88,24.613225806451613,96.98,22.115737704918033,116.89999999999999,15,0,11,118.50999999999999
18083,2016,KNOX,169.7,164.5,16,20.83688524590164,200.93,24.901290322580646,152.54,23.82704918032787,290.87,17,0,8,91.54000000000002
18083,2017,KNOX,184.7,169.7,17,20.60295081967213,242.38,25.333870967741934,118.42,21.824590163934428,51.400000000000006,22,0.6800000000000068,9,93.83000000000001
18083,2018,KNOX,179.4,184.7,18,23.92360655737705,281.35,25.149677419354838,61.120000000000005,23.91409836065574,293.53000000000003,22,0.2700000000000031,10,124.47999999999999
18083,2021,KNOX,202.9,187,21,20.59901639344262,204.23,24.60258064516129,132.98,23.372295081967213,174.43,15,0,8,51.16
18085,2001,KOSCIUSKO,156,128.7,1,17.96295081967213,192.08,22.141935483870967,112.77,19.299016393442624,225.02,12,0,9,54.89999999999998
18085,2002,KOSCIUSKO,122.1,156,2,17.09327868852459,197.58,24.214193548387097,93.64,21.099344262295084,96.42999999999999,18,0,11,81.85
18085,2003,KOSCIUSKO,154.7,122.1,3,16.65377049180328,212.4,21.872903225806454,192.78,19.551967213114754,257.65,5,0,6,132.18999999999997
18085,2004,KOSCIUSKO,163,154.7,4,18.240163934426228,297.96,21.373870967741937,112.13,18.854918032786884,190.35,4,0,7,93.30000000000001
18085,2005,KOSCIUSKO,148.5,163,5,18.18688524590164,122.93,23.491612903225807,113,21.13,183.82999999999998,17,0,9,40.67
18085,2006,KOSCIUSKO,164.4,148.5,6,17.256065573770492,213.22,23.360967741935482,129.93,18.952295081967215,174.14000000000001,10,0,7,82.22
18085,2007,KOSCIUSKO,156.4,164.4,7,19.692622950819672,103.92,21.64774193548387,90.28999999999999,21.05295081967213,245.55,8,0,7,48.89999999999999
18085,2008,KOSCIUSKO,143,156.4,8,17.13377049180328,251.85,22.19483870967742,63.83,20.049508196721312,178.58,8,0,9,42.97
18085,2009,KOSCIUSKO,160,143,9,17.90704918032787,227.46,19.651612903225807,74,19.105081967213113,228.74,0,0,5,82.47999999999999
18085,2010,KOSCIUSKO,167.1,160,10,19.26573770491803,303.03,23.836451612903225,86.23,20.852622950819672,109.05,16,0,9,56.75999999999999
18085,2011,KOSCIUSKO,152,167.1,11,18.56639344262295,252.51,24.989677419354837,79.36,19.024590163934427,210.69,23,2.509999999999998,8,79.65
18085,2012,KOSCIUSKO,104,152,12,19.848852459016392,80.48,26.039032258064516,109.52,18.93409836065574,154.07,23,14.800000000000026,12,50.579999999999984
18085,2013,KOSCIUSKO,176.7,104,13,19.024590163934427,295.06,21.995483870967742,60.19,19.504754098360657,157.8,9,0,8,89.99000000000001
18085,2014,KOSCIUSKO,173.5,176.7,14,18.901147540983608,235.41,19.982903225806453,56.52,19.168524590163933,191.04999999999998,1,0,7,85.17
18085,2015,KOSCIUSKO,170.9,173.5,15,18.79688524590164,307.31,21.089032258064517,140.92,20.23327868852459,148.48,4,0,14,69.6
18085,2016,KOSCIUSKO,164.8,170.9,16,18.145737704918034,209.89000000000001,23.186774193548388,60.42,21.734918032786886,234.25,16,0,13,50.55000000000001
18085,2017,KOSCIUSKO,171.3,164.8,17,17.733934426229506,263.99,22.14548387096774,182.09,19.34622950819672,133.82,4,0,6,70.03999999999996
18085,2018,KOSCIUSKO,179.8,171.3,18,20.615081967213115,203.39000000000001,22.901935483870968,97.67,21.364262295081968,226.2,13,0,15,84.00999999999999
18085,2019,KOSCIUSKO,173.6,179.8,19,17.65983606557377,254.63,24.11709677419355,64.21000000000001,20.729344262295083,214.47,19,0,7,54.099999999999994
18085,2020,KOSCIUSKO,172.9,173.6,20,17.957377049180327,182.39,24.168387096774193,59.11,19.667377049180327,114.98,15,0,16,80.93
18085,2021,KOSCIUSKO,188.9,172.9,21,18.17606557377049,266.73,22.39677419354839,116.65,21.31770491803279,172.17,9,0,11,90.34000000000003
18087,2001,LAGRANGE,90.3,120,1,17.724262295081967,215.43,21.787741935483872,64.99,19.088688524590165,215.71,14,0,9,50.64
18087,2002,LAGRANGE,94.8,90.3,2,16.705245901639344,201.76000000000002,23.881290322580647,73.03,20.799508196721312,94,18,0,11,83.47
18087,2003,LAGRANGE,138.4,94.8,3,16.29311475409836,204.97,21.59548387096774,148.04999999999998,19.11327868852459,256.75,5,0,8,89.75000000000003
18087,2004,LAGRANGE,135.6,138.4,4,17.77622950819672,314.96,21.18774193548387,139.6,18.754918032786886,135.9,3,0,4,100.43
18087,2005,LAGRANGE,112.7,135.6,5,17.971311475409834,88.63,23.3458064516129,160.73,20.84377049180328,182.84,18,0,9,56.27000000000001
18087,2006,LAGRANGE,144.1,112.7,6,17.055245901639346,204.9,22.99967741935484,180.81,18.7627868852459,151.68,7,0,7,83.67999999999999
18087,2007,LAGRANGE,125,144.1,7,19.304426229508195,106.77,21.688387096774193,72.28999999999999,20.565081967213114,330.72,9,0,7,39.45
18087,2008,LAGRANGE,116,125,8,16.88327868852459,172.57,21.92290322580645,109.96,19.735081967213116,196.21,7,0,13,42.47999999999999
18087,2009,LAGRANGE,136,116,9,17.47606557377049,231.89,19.259354838709676,62.24999999999999,18.7172131147541,184.42000000000002,0,0,5,60.75
18087,2010,LAGRANGE,126,136,10,18.6972131147541,321.1,23.461935483870967,94.81,20.268524590163935,102.61999999999999,14,0,9,55.170000000000016
18087,2011,LAGRANGE,127.3,126,11,18.261803278688525,243.47,24.546451612903226,111.07,18.880655737704917,211.72,17,1.2299999999999969,8,89.02
18087,2012,LAGRANGE,96.7,127.3,12,19.696393442622952,51.24,25.733870967741936,97.4,18.62049180327869,168.23,23,16.75,12,49.89000000000001
18087,2013,LAGRANGE,154.4,96.7,13,18.651311475409837,213.14,21.77193548387097,92.09,19.32967213114754,87.95,7,0,8,64.76000000000002
18087,2014,LAGRANGE,151.2,154.4,14,18.129016393442623,221.89000000000001,19.575806451612902,51.81,19.138360655737706,163.97,1,0,7,82.7
18087,2015,LAGRANGE,150,151.2,15,18.362295081967215,281.03,20.735806451612902,143.63,20.01032786885246,152.62,4,0,14,63.77000000000001
18087,2016,LAGRANGE,134.1,150,16,17.747049180327867,178.38,22.839354838709678,68.49,21.54327868852459,239.67,15,0,12,48.599999999999994
18087,2017,LAGRANGE,142.1,134.1,17,17.46327868852459,217.66,22.105806451612903,83.32,19.400163934426228,117.60000000000001,5,0,10,58.65
18087,2018,LAGRANGE,142.1,142.1,18,19.90377049180328,310.53,22.708387096774192,61.89,21.01049180327869,177.71,10,0,15,68.95000000000002
18087,2019,LAGRANGE,132.9,142.1,19,16.98311475409836,268.27,23.583548387096773,100.27,20.25245901639344,225.6,14,0,7,56.110000000000014
18087,2020,LAGRANGE,143.5,132.9,20,17.531147540983607,170.8,24.090967741935483,75.21000000000001,19.46262295081967,129.29,16,0,16,79.16999999999999
18087,2021,LAGRANGE,161,143.5,21,17.81967213114754,253.17,22.19451612903226,93.09,21.134098360655738,190.94,8,0,11,98.34
18089,2001,LAKE,135.4,133.6,1,18.17688524590164,170.71,22.954838709677418,86.92999999999999,19.78311475409836,190.99,17,0,8,46.109999999999985
18089,2002,LAKE,114.6,135.4,2,17.32934426229508,210.76,24.565806451612904,67.55,21.138852459016395,128.56,16,0.4799999999999969,12,100.16
18089,2003,LAKE,135.4,114.6,3,16.032622950819672,207.95,22.128709677419355,276.91,20.03688524590164,144.27,7,0,8,136.75000000000003
18089,2004,LAKE,161.1,135.4,4,18.068688524590165,248.15,21.90967741935484,78.94,19.16295081967213,203.8,6,0,4,79.41
18089,2005,LAKE,136,161.1,5,18.75393442622951,115.32,23.881612903225808,82.27,21.904426229508196,188.56,16,1.2900000000000063,11,41.18000000000001
18089,2006,LAKE,162.8,136,6,17.531967213114754,162.64,23.831290322580646,159.9,19.425081967213114,267.47,13,0,7,63.34
18089,2007,LAKE,162.3,162.8,7,19.74639344262295,123.22,21.908709677419356,92.13,21.639180327868853,298.84,5,0,7,45.120000000000005
18089,2008,LAKE,165,162.3,8,17.38983606557377,195.7,22.690645161290323,89.77,20.24737704918033,411.56,9,0,8,49.57000000000001
18089,2009,LAKE,162,165,9,18.07967213114754,221.77,20.356774193548386,72.42,19.47344262295082,115.21000000000001,0,0,8,69.29
18089,2010,LAKE,156.2,162,10,19.28327868852459,309.99,24.499354838709678,138.44,21.114262295081968,148.61,16,0,10,64.88
18089,2011,LAKE,154.2,156.2,11,18.047704918032785,278.05,25.27064516129032,141.52,19.364590163934427,177.74,19,3.9200000000000017,10,86.2
18089,2012,LAKE,158.7,154.2,12,19.725737704918032,206.56,25.793548387096774,102.2,19.42983606557377,142.84,20,10.220000000000013,5,64.19
18089,2013,LAKE,155,158.7,13,18.231311475409836,227.88,21.921290322580646,36.73,20.244918032786885,130.13,9,0,8,55.44999999999999
18089,2014,LAKE,167.4,155,14,18.558852459016393,318.36,19.873548387096776,98.03,19.7327868852459,300.55,2,0,7,89.20999999999998
18089,2015,LAKE,142,167.4,15,18.395737704918034,353.21,21.903548387096773,106.79,20.798524590163936,214.99,8,0,9,87.94000000000003
18089,2016,LAKE,177.4,142,16,18.449180327868852,134.53,23.30741935483871,187.26000000000002,22.227868852459018,278.52,16,0,13,70.52000000000001
18089,2017,LAKE,196.9,177.4,17,18.048032786885244,182.97,22.773225806451613,183.5,20.096065573770492,92.68,7,0,7,118.21999999999997
18091,2001,LA PORTE,140.7,134.4,1,17.94065573770492,216.54999999999998,22.366774193548387,114.27,19.69688524590164,191.45,14,0,10,54.139999999999986
18091,2002,LA PORTE,112.7,140.7,2,17.12934426229508,178.41,24.419999999999998,58.65,20.995409836065573,103.01,17,0.00999999999999801,12,89.46
18091,2003,LA PORTE,142.4,112.7,3,15.880983606557377,231.09,21.750645161290322,174.07999999999998,19.70360655737705,132.14,5,0,8,104.17999999999998
18091,2004,LA PORTE,169.6,142.4,4,17.705245901639344,244.23,21.530645161290323,102.12,18.84377049180328,223.28,6,0,4,70.48999999999998
18091,2005,LA PORTE,137.1,169.6,5,18.354590163934425,97.34,23.551612903225806,96.38,21.290655737704917,184.44,18,0.46000000000000085,11,34.890000000000015
18091,2006,LA PORTE,165.4,137.1,6,17.04639344262295,157.53,23.498387096774195,171.2,18.935081967213115,207.81,10,0,7,67.53999999999999
18091,2007,LA PORTE,144.8,165.4,7,19.594918032786886,123.99,21.795161290322582,126.86,20.974098360655738,323.96,5,0,8,55.29999999999998
18091,2008,LA PORTE,148,144.8,8,17.104918032786884,159.11,22.423870967741934,69.83,19.731967213114753,401.27,8,0,8,32.85000000000001
18091,2009,LA PORTE,154,148,9,17.821147540983606,196.18,19.93516129032258,76.69,19.1272131147541,158.16,0,0,7,64.49
18091,2010,LA PORTE,167.1,154,10,18.904918032786885,310.57,24.057096774193546,127.25999999999999,20.74983606557377,111.83,16,0,12,66.52999999999997
18091,2011,LA PORTE,145.5,167.1,11,17.812950819672132,286.07,24.716774193548385,119.96,18.905409836065573,159.76,17,2.3999999999999986,8,92.85
18091,2012,LA PORTE,122.3,145.5,12,19.579016393442622,136.03,25.758709677419354,125.13,18.89918032786885,140.92000000000002,21,11.58000000000002,12,57.41
18091,2013,LA PORTE,150.4,122.3,13,18.214262295081966,279.5,21.514193548387098,52.76,19.463770491803277,172.98,7,0,10,68.71
18091,2014,LA PORTE,167.9,150.4,14,18.26573770491803,347.64,19.628064516129033,63.23,19.151967213114755,284.42,1,0,11,81.69999999999996
18091,2015,LA PORTE,151.3,167.9,15,18.308524590163934,297.19,21.462580645161292,122.45,20.285737704918034,184.65,6,0,14,66.67000000000002
18091,2016,LA PORTE,147.9,151.3,16,18.027540983606556,160.82999999999998,22.929032258064517,112.99,21.848852459016392,345.96,13,0,13,53.379999999999995
18091,2017,LA PORTE,154.5,147.9,17,17.445409836065572,193.05,22.22935483870968,134.16,19.438032786885245,102.97,5,0,6,68.78
18091,2018,LA PORTE,159,154.5,18,19.966065573770493,247.79,22.510322580645163,79.25,21.2327868852459,200.29,10,0,8,57.99000000000001
18091,2019,LA PORTE,148.1,159,19,16.782295081967213,311.90999999999997,23.773548387096774,55.62,20.544590163934426,252.84,15,0,7,45.44
18091,2020,LA PORTE,147.8,148.1,20,18.167704918032786,238.86,23.98709677419355,71.62,19.668032786885245,110.09,14,0,16,102.46000000000001
18091,2021,LA PORTE,170,147.8,21,18.071147540983606,271.04,22.420322580645163,80.56,21.805081967213116,170.79,10,0,11,116.10999999999999
18093,2001,LAWRENCE,144.5,140.4,1,19.60672131147541,232.76000000000002,23.620322580645162,124.57,21.073934426229506,172.59,15,0,11,53.110000000000014
18093,2002,LAWRENCE,71.5,144.5,2,19.221475409836064,387.84000000000003,25.33806451612903,22.57,23.045737704918032,167.79,24,0,14,111.47999999999999
18093,2003,LAWRENCE,139.3,71.5,3,18.06393442622951,283.55,23.285806451612903,176.97,20.8572131147541,175.21,11,0,17,85.20999999999998
18093,2004,LAWRENCE,150.4,139.3,4,20.69934426229508,295.54,22.540967741935482,182.02,20.388032786885248,113.25,9,0,14,111.88999999999999
18093,2005,LAWRENCE,130.8,150.4,5,19.005409836065574,211.66,23.913548387096775,96.39,22.875409836065575,244.63,18,0,16,89.47
18093,2006,LAWRENCE,144.9,130.8,6,18.552131147540983,235.05,24.14483870967742,97.6,20.5372131147541,295.42,15,0,6,52.76999999999998
18093,2007,LAWRENCE,133.5,144.9,7,20.918032786885245,145.05,22.387096774193548,62.43,23.91262295081967,119.61,11,0,11,44.36
18093,2008,LAWRENCE,141,133.5,8,18.768524590163935,370.44,23.14677419354839,128.98,21.19049180327869,108.79,12,0,25,109.21000000000001
18093,2009,LAWRENCE,164,141,9,19.91688524590164,330.04,20.97032258064516,180,20.575409836065575,222.01999999999998,0,0,8,84.71000000000001
18093,2010,LAWRENCE,138.9,164,10,21.198196721311476,376.87,25.081290322580646,70.98,22.411147540983606,46.47,24,0,14,85.49000000000004
18093,2011,LAWRENCE,128.3,138.9,11,19.59229508196721,379.21,26.133870967741935,83.14,20.72754098360656,209.87,26,0.9400000000000048,9,97.49
18093,2012,LAWRENCE,52.8,128.3,12,21.110819672131147,81.76,27.588387096774195,64.27,20.664918032786886,241.87,30,42.930000000000014,10,42.1
18093,2015,LAWRENCE,178.4,190.4,15,20.295573770491803,299.77,23.510645161290324,98.47,21.08098360655738,93.78,13,0,11,107.75
18093,2016,LAWRENCE,144.6,178.4,16,19.653934426229508,203.9,24.17451612903226,174.01,23.125409836065575,264.38,16,0,6,90.47
18093,2017,LAWRENCE,175.6,144.6,17,19.127704918032787,286.45,23.71258064516129,184.89,20.564098360655738,83.44,13,0,8,72.3
18093,2018,LAWRENCE,192.1,175.6,18,22.378360655737705,269.11,23.703225806451613,49.940000000000005,22.661475409836065,307.35,17,0,11,100.91
18093,2019,LAWRENCE,129.9,192.1,19,19.815573770491802,396.7,24.530967741935484,74.64,22.639180327868853,114.83,21,0,7,124.49000000000001
18093,2020,LAWRENCE,183.4,129.9,20,18.91032786885246,208.92,24.828709677419354,179.37,20.533770491803278,144.75,25,0,8,79.14000000000004
18093,2021,LAWRENCE,192.4,183.4,21,19.18606557377049,228.62,23.629354838709677,154.34,22.204918032786885,225.70000000000002,11,0,8,63.68999999999999
18095,2001,MADISON,168.9,156.9,1,19.03065573770492,239.26,22.97193548387097,176.11,20.09229508196721,217.07,13,0,11,57.139999999999986
18095,2002,MADISON,121,168.9,2,18.4472131147541,224.18,24.76322580645161,57.01,21.901311475409837,191.99,23,0,9,74.08000000000001
18095,2003,MADISON,142.9,121,3,17.49590163934426,247.85999999999999,22.338064516129034,268.46000000000004,20.06,335.88,8,0,10,193.86
18095,2004,MADISON,172.8,142.9,4,19.685245901639345,283.68,21.82709677419355,96.31,19.895573770491804,111.5,8,0,7,92.37
18095,2005,MADISON,158.9,172.8,5,18.775245901639344,147.16,23.449354838709677,130.14,21.84950819672131,217.55,12,0,7,55.59
18095,2006,MADISON,163.2,158.9,6,17.935081967213115,280.71999999999997,24.02064516129032,101.31,19.845573770491804,210.91,15,0,7,63.58
18095,2007,MADISON,154.6,163.2,7,20.418688524590163,110.48,21.60290322580645,46.71,22.395573770491804,182.84,5,0,8,44.3
18095,2008,MADISON,173,154.6,8,18.101147540983607,352.27,22.678064516129034,127.58,20.5172131147541,108.16,11,0,16,89.75
18095,2009,MADISON,169,173,9,18.90967213114754,252.49,20.481612903225805,63.97,19.85,115.1,1,0,6,64.78
18095,2010,MADISON,168.4,169,10,20.242295081967214,385.54,24.23548387096774,104.27000000000001,21.58016393442623,72.17999999999999,18,0,9,87.160000000000025
18095,2011,MADISON,156.4,168.4,11,19.413442622950818,246.3,25.96677419354839,58.68,19.60983606557377,259.96999999999997,27,4.269999999999996,11,50.67
18095,2012,MADISON,119.9,156.4,12,20.64655737704918,122.53,26.299032258064518,64.43,19.571475409836065,269.61,27,12.280000000000001,12,55
18095,2013,MADISON,181.1,119.9,13,19.83704918032787,244.25,22.09032258064516,59.16,20.50672131147541,124.84,7,0,13,65.41
18095,2014,MADISON,196.4,181.1,14,19.53704918032787,281.4,20.065806451612904,58.940000000000005,19.692459016393443,227.16000000000003,1,0,11,94.13
18095,2015,MADISON,136.3,196.4,15,19.754590163934427,391.09000000000003,22.210645161290323,160.67000000000002,20.544754098360656,109.88000000000001,4,0,7,94.06
18095,2016,MADISON,181.1,136.3,16,19.04639344262295,220.62,23.321290322580644,79.39,22.584590163934426,292.09999999999997,14,0,11,56.66
18095,2017,MADISON,165.4,181.1,17,18.690983606557378,383.77000000000004,23.13225806451613,192.27,20.132131147540985,94.69,6,0,13,83.71000000000001
18095,2018,MADISON,205.1,165.4,18,22.06655737704918,207.21,23.070645161290322,104.14,22.0127868852459,297.75,12,0,6,77.88000000000001
18095,2019,MADISON,158.8,205.1,19,18.934426229508198,258.65,25.14548387096774,107.75,21.988196721311475,109.34,22,0,9,77.13
18095,2020,MADISON,204.7,158.8,20,18.79393442622951,243.16,24.514193548387098,121.33,20.348852459016392,86.52,18,0,9,76.42
18095,2021,MADISON,216.3,204.7,21,18.964590163934428,211.75,23.044193548387096,148.86,22.04655737704918,215.23,11,0,10,72.11000000000001
18097,2001,MARION,167.3,153.7,1,19.30918032786885,202.43,23.322580645161292,169.89,20.584754098360655,201.76,14,0,11,66.82
18097,2002,MARION,119.9,167.3,2,18.73983606557377,313.78000000000003,25.06967741935484,54.55,22.54311475409836,158.6,22,0,14,79.36000000000001
18097,2003,MARION,140.5,119.9,3,17.921475409836066,236.37,22.856774193548386,214.88,20.398524590163934,330.61,7,0,10,112.03
18097,2004,MARION,166.9,140.5,4,20.0727868852459,280.4,22.34225806451613,141.75,20.26360655737705,112.23,6,0,14,61.08
18097,2005,MARION,145.1,166.9,5,19.163770491803277,154.70000000000002,23.891290322580645,118.01,22.241803278688526,235.72,13,0,10,66.67
18097,2006,MARION,140,145.1,6,18.24049180327869,270.29,24.32483870967742,108.54,20.181147540983606,188.41,16,0,7,58.97999999999999
18097,2007,MARION,145.4,140,7,20.885245901639344,112.55,22.445483870967742,52.029999999999994,23.122295081967213,146.04,8,0,12,32.7
18097,2008,MARION,121,145.4,8,18.314262295081967,411.53999999999996,23.08483870967742,142.23000000000002,20.961967213114754,119.30999999999999,12,0,16,139.05999999999997
18097,2009,MARION,169,121,9,19.35311475409836,316.41,20.685806451612905,95.49,20.231803278688524,168.6,1,0,6,81.88
18097,2010,MARION,157.2,169,10,20.735081967213116,377.65999999999997,24.801935483870967,105.44,22.25655737704918,45.53,20,0,9,86.42000000000002
18097,2015,MARION,167.8,178.5,15,20.03360655737705,250.76,22.759677419354837,258.72,20.864590163934427,95.56,8,0,7,131.53999999999996
18097,2020,MARION,191.9,144.2,20,18.73950819672131,224.6,24.6858064516129,98.5,20.515901639344264,89.67,18,0,9,61.11
18097,2021,MARION,181.9,191.9,21,18.85934426229508,244.05,23.129354838709677,119.57,22.057540983606557,181.76,10,0,10,74.32000000000002
18099,2001,MARSHALL,151.3,131.6,1,17.821803278688524,207.44,21.934516129032257,123.63,19.298524590163932,192.49,12,0,9,60.879999999999995
18099,2002,MARSHALL,131.1,151.3,2,16.969016393442622,197.46,24.169032258064515,81.45,20.861967213114752,102.36,17,0,11,84.67
18099,2003,MARSHALL,144,131.1,3,16.382950819672132,214.78,21.630967741935486,180.46,19.505737704918033,200.62,6,0,6,120.70000000000002
18099,2004,MARSHALL,156.2,144,4,18.082131147540984,283.96,21.45967741935484,100.77,18.735573770491804,232.46,6,0,4,83.98000000000002
18099,2005,MARSHALL,149.9,156.2,5,18.187704918032786,99.93,23.315806451612904,113.06,21.091475409836065,196.34,18,0,10,42.24000000000001
18099,2006,MARSHALL,162.9,149.9,6,17.123934426229507,190.55,23.33225806451613,146.52,18.855081967213113,197.64000000000001,10,0,7,71.65
18099,2007,MARSHALL,155,162.9,7,19.553606557377048,124,21.57774193548387,118.78,21.017868852459017,279.57,8,0,8,57.30000000000001
18099,2008,MARSHALL,155,155,8,17.081475409836067,217.84,22.22451612903226,63.49,19.815409836065573,262.19,8,0,8,38.66000000000001
18099,2009,MARSHALL,155,155,9,17.928196721311476,190.44,19.654193548387095,60.489999999999995,19.14967213114754,157.78,0,0,5,71.21
18099,2010,MARSHALL,164.3,155,10,19.126393442622952,287.46,23.716129032258063,98.51,20.73327868852459,121.84,16,0,9,56.290000000000006
18099,2011,MARSHALL,157.9,164.3,11,18.490655737704916,267.63,24.795806451612904,107.14,18.979180327868853,191.84,21,2.6000000000000014,8,88.99
18099,2012,MARSHALL,97.8,157.9,12,19.808688524590163,98.42,25.946774193548386,96.06,18.972622950819673,168.09,23,16.89,12,43.459999999999994
18099,2013,MARSHALL,171,97.8,13,18.881803278688526,278.94,21.615483870967743,51.26,19.375737704918034,147.03,8,0,10,79.58000000000001
18099,2014,MARSHALL,183.3,171,14,18.64311475409836,254.42000000000002,19.798387096774192,44.06,19.14918032786885,267.2,1,0,7,76
18099,2015,MARSHALL,143.7,183.3,15,18.687540983606556,379.46999999999997,21.191290322580645,144.64000000000001,20.213770491803277,162.48,5,0,14,88.22999999999999
18099,2016,MARSHALL,169,143.7,16,17.95360655737705,203.21,22.833548387096773,84.69,21.749180327868853,308.45,14,0,13,45.1
18099,2017,MARSHALL,189.2,169,17,17.545409836065573,224.6,22.139032258064518,170.9,19.224918032786885,123.05,5,0,6,73.10999999999996
18099,2018,MARSHALL,175.6,189.2,18,20.531803278688525,232.82,22.839354838709678,78.89999999999999,21.20327868852459,201.7,10,0,10,68.85
18099,2019,MARSHALL,157.2,175.6,19,17.401967213114755,283.2,23.974516129032256,50.78,20.568524590163936,210.39000000000001,20,0,7,46.84
18099,2020,MARSHALL,175.5,157.2,20,18.05032786885246,176.99,24.106451612903225,65.36,19.560327868852458,123.7,17,0,16,76.9
18099,2021,MARSHALL,185.5,175.5,21,17.968360655737705,320.09000000000003,22.371612903225806,91.22,21.41262295081967,177.15,10,0,11,130.11
18101,2001,MARTIN,162.5,155.2,1,19.734098360655736,226.96,23.778387096774193,129.07,21.194426229508196,166.37,15,0,11,53.93000000000001
18101,2002,MARTIN,75.2,162.5,2,19.43672131147541,355.51,25.7,25.78,23.251803278688524,181.69,26,0.44999999999999574,13,110.55000000000001
18101,2003,MARTIN,151.7,75.2,3,18.23983606557377,294.88,23.53516129032258,152.10999999999999,21.255737704918033,169.22,13,0,15,87.61999999999999
18101,2004,MARTIN,162.3,151.7,4,20.794262295081968,322.3,22.56967741935484,183.91,20.475737704918032,111.9,9,0,14,123.69999999999999
18101,2005,MARTIN,155.1,162.3,5,19.298688524590165,187.89,24.045483870967743,111.52,23.093114754098362,249.96,20,0.39000000000000057,16,86.52999999999999
18101,2006,MARTIN,140.7,155.1,6,18.999344262295082,239.83,24.48548387096774,95.22,20.792295081967215,312.76,17,0,6,54.76000000000002
18101,2007,MARTIN,158.6,140.7,7,21.30983606557377,158.6,22.758709677419354,68.25,24.068852459016394,126.67,14,0,11,49.31999999999999
18101,2008,MARTIN,155,158.6,8,19.11885245901639,346.85,23.41483870967742,140.41,21.238524590163934,128.91,14,0,25,105.26
18101,2009,MARTIN,172,155,9,20.18901639344262,355.25,21.26,171.8,20.761967213114755,234.26,0,0,7,76.03000000000003
18101,2010,MARTIN,149.5,172,10,21.548852459016395,337.37,25.412903225806453,114.88,22.68655737704918,53.77,26,0,14,67.06
18101,2011,MARTIN,140.1,149.5,11,20.005245901639345,393.62,26.412258064516127,66.42999999999999,20.946065573770493,183.13,27,2.0500000000000043,7,108.28
18101,2012,MARTIN,53.1,140.1,12,21.3927868852459,72.01,27.782258064516128,65.13,20.874754098360654,275.54,30,47.910000000000004,10,37.5
18101,2015,MARTIN,149.4,188.5,15,20.679180327868853,336.29,23.99225806451613,105.72,21.222950819672132,97.86,15,0,11,124.15
18101,2016,MARTIN,160.7,149.4,16,20.02377049180328,228.98,24.61741935483871,182.81,23.415737704918033,260.35,17,0,6,102.01999999999998
18101,2021,MARTIN,208.2,190.6,21,19.902459016393443,218.75,24.11935483870968,154.88,22.724918032786885,265.89,17,0,7,64.59
18103,2001,MIAMI,154.8,137.7,1,18.627704918032787,225.33,22.566774193548387,135.3,19.78672131147541,200.85,13,0,8,54.76000000000002
18103,2002,MIAMI,116.2,154.8,2,17.775245901639344,179.81,24.614516129032257,82.36,21.601147540983607,148.05,22,0.020000000000003126,11,64.02000000000001
18103,2003,MIAMI,147.8,116.2,3,17.345737704918033,252.55,22.310645161290324,307.28000000000003,20.167540983606557,347.38,7,0,6,221.92000000000002
18103,2004,MIAMI,169,147.8,4,18.875737704918034,326.5,21.683870967741935,118.42,19.40983606557377,201.73,7,0,7,116.19999999999999
18103,2005,MIAMI,164.3,169,5,18.732131147540983,132.34,23.411612903225805,121.96,21.687704918032786,209.39000000000001,13,0,10,48.97
18103,2006,MIAMI,161.3,164.3,6,17.640819672131148,250.83,23.70709677419355,120.68,19.472131147540985,206.6,11,0,5,84.31000000000002
18103,2007,MIAMI,154.2,161.3,7,20.137868852459015,135.1,21.643225806451614,78.87,21.682950819672133,257.16,5,0,7,42.64999999999998
18103,2008,MIAMI,162,154.2,8,17.605081967213113,263.78000000000003,22.463225806451614,67.71,20.255409836065574,140.88,6,0,9,53.42999999999999
18103,2009,MIAMI,164,162,9,18.624426229508195,189.17,20.26483870967742,66.73,19.69672131147541,123.94999999999999,0,0,6,56.940000000000005
18103,2010,MIAMI,157.9,164,10,19.934426229508198,353.72,24.16225806451613,85.44,21.36377049180328,104.92999999999999,18,0,9,66.10000000000002
18103,2011,MIAMI,136.9,157.9,11,19.159344262295082,293.14,25.553548387096775,53.57,19.61377049180328,264.11,24,2.8899999999999935,8,87.09
18103,2012,MIAMI,126.8,136.9,12,20.312295081967214,79.86999999999999,26.036129032258064,78.81,19.46967213114754,207.69,25,12.980000000000011,6,38.61999999999999
18103,2013,MIAMI,174.7,126.8,13,19.49704918032787,256.17,22.089032258064517,79.88,19.977377049180326,135.82999999999998,8,0,9,81.45000000000002
18103,2014,MIAMI,176.5,174.7,14,19.297704918032785,224.61,20.126774193548385,46.89,19.547868852459015,229.32,1,0,11,72.92999999999999
18103,2015,MIAMI,138.6,176.5,15,19.42360655737705,403.63,22.051290322580645,111.55,20.863114754098362,131.29999999999998,5,0,7,106.12
18103,2016,MIAMI,167.2,138.6,16,18.598360655737704,206.81,23.36741935483871,82.38,22.397540983606557,220.19,15,0,13,44.44
18103,2017,MIAMI,171.1,167.2,17,18.213606557377048,308.45,22.91483870967742,168.91,19.821803278688524,107.77,4,0,12,72.4
18103,2018,MIAMI,191.4,171.1,18,21.310491803278687,208.4,23.10967741935484,89.89,21.69032786885246,272.28,12,0,5,88.11000000000001
18105,2001,MONROE,161.3,147.6,1,19.389016393442624,206.97,23.31935483870968,172.15,20.778196721311474,220.75,14,0,11,69.72999999999999
18105,2002,MONROE,98.4,161.3,2,18.981475409836065,363.40000000000003,24.98774193548387,58.84,22.66,172.49,22,0,14,104.75999999999999
18105,2003,MONROE,140.2,98.4,3,17.818032786885247,266.61,23.07677419354839,209.33,20.470819672131146,217.54,10,0,17,106.88999999999999
18105,2004,MONROE,141.6,140.2,4,20.43262295081967,306.33,22.380967741935486,171.04,20.200819672131146,110.74,8,0,13,101.7
18105,2005,MONROE,139.5,141.6,5,18.75016393442623,218.6,23.822903225806453,91.86,22.66377049180328,287.33,15,0,10,87.29
18105,2006,MONROE,136,139.5,6,18.299344262295083,285.79,23.954516129032257,100.57,20.372131147540983,236.28,15,0,7,60.25
18105,2007,MONROE,150.4,136,7,20.69311475409836,155.59,21.978709677419353,92.26,23.529672131147542,105.88,7,0,11,53.95
18105,2008,MONROE,143,150.4,8,18.235245901639345,441.3,22.91258064516129,146.63,20.867540983606556,98.14,12,0,16,144.76
18105,2009,MONROE,154,143,9,19.461311475409836,330.31,20.565806451612904,156.16,20.15770491803279,166.69,0,0,6,91.68999999999998
18105,2010,MONROE,138.6,154,10,20.762131147540984,369.03000000000003,24.68548387096774,70.21000000000001,22.27655737704918,35.86,19,0,15,81.18999999999997
18105,2011,MONROE,124.8,138.6,11,19.362786885245903,317.41,26.021612903225808,49.79,20.622459016393442,182.85999999999999,25,0.8200000000000003,9,74.62
18105,2012,MONROE,44.7,124.8,12,20.707049180327868,76.85,27.429354838709678,45.97,20.231639344262295,249.41,29,34.15999999999999,7,42.77
18105,2013,MONROE,185.5,44.7,13,19.800983606557377,261.87,22.246451612903225,97.67,20.868688524590166,105.16,9,0,13,74.31
18105,2014,MONROE,180.6,185.5,14,19.92950819672131,238.76,20.70741935483871,123.4,20.101967213114754,203.73,4,0,10,77.83999999999999
18105,2015,MONROE,158.8,180.6,15,19.935081967213115,279.2,22.869032258064514,142.69,20.812950819672132,113.77,10,0,11,94.49000000000001
18105,2016,MONROE,160.7,158.8,16,19.24344262295082,189.32,23.591290322580644,190.3,22.90672131147541,309.11,12,0,4,88.38999999999999
18105,2017,MONROE,156.4,160.7,17,18.842131147540982,282.13,23.59225806451613,132.78,20.598524590163933,56.8,10,0,8,87.68
18105,2018,MONROE,181.8,156.4,18,22.382950819672132,224.32999999999998,23.682903225806452,67.45,22.33688524590164,301.28000000000003,17,0,10,82.37
18105,2019,MONROE,134,181.8,19,19.254754098360657,327.89,24.384193548387096,96.05,22.325901639344263,124.76,20,0,9,123.06
18105,2020,MONROE,168.2,134,20,18.64672131147541,178.81,24.726451612903226,158.17,20.42377049180328,104.13,22,0,9,65.97
18105,2021,MONROE,182.8,168.2,21,18.77672131147541,295.07,23.326451612903227,142.38,22.084754098360655,173.52,10,0,12,107.25
18107,2001,MONTGOMERY,158.2,146.6,1,18.957213114754097,180.84,22.68161290322581,145.52,20.071475409836065,166.98,15,0,8,65.35999999999999
18107,2002,MONTGOMERY,151.1,158.2,2,18.417704918032786,310.78,24.45774193548387,90.84,21.31327868852459,207.23,21,0,10,85.45000000000002
18107,2003,MONTGOMERY,157.3,151.1,3,17.35327868852459,256.15,22.32032258064516,227.33,19.981639344262295,287.85,9,0,10,119.69
18107,2004,MONTGOMERY,176.3,157.3,4,19.459180327868854,301.74,21.643225806451614,113.71000000000001,19.623606557377048,114.03,3,0,7,82.75
18107,2005,MONTGOMERY,157.7,176.3,5,18.741639344262296,135.21,23.106129032258064,149.53,21.749016393442623,213.45000000000002,10,0,8,65.43
18107,2006,MONTGOMERY,166.9,157.7,6,17.898688524590163,269.94,23.718709677419355,131.45,19.47016393442623,225.32,12,0,7,66.46000000000001
18107,2007,MONTGOMERY,171.4,166.9,7,20.485081967213116,129.28,21.156774193548387,68.44999999999999,22.43245901639344,149.3,2,0,7,43.3
18107,2008,MONTGOMERY,172,171.4,8,17.86377049180328,359.69,22.256774193548388,159.15,20.025081967213115,130.82,7,0,16,124.24000000000001
18107,2009,MONTGOMERY,192,172,9,19.00360655737705,271.37,19.941612903225806,107.63,19.5027868852459,125.69,0,0,6,89.63999999999999
18107,2010,MONTGOMERY,172.5,192,10,20.402295081967214,381.26,23.990967741935485,120.03,21.483606557377048,89.85,15,0,9,84.30999999999997
18107,2011,MONTGOMERY,166.7,172.5,11,19.342131147540982,226.34,25.330645161290324,61.97,19.78967213114754,177.91,21,1.0600000000000023,16,63.80000000000001
18107,2012,MONTGOMERY,104.5,166.7,12,20.718032786885246,106.82,26.462258064516128,20.95,19.564590163934426,334.07,29,19.650000000000013,7,45.65
18107,2013,MONTGOMERY,195.9,104.5,13,19.508032786885245,207.84,21.691935483870967,70.17999999999999,20.361803278688523,114.41,7,0,17,61.39
18107,2014,MONTGOMERY,205.3,195.9,14,19.50688524590164,198.31,19.581290322580646,82.06,19.409344262295082,192.46,0,0,7,49.82
18107,2015,MONTGOMERY,176.5,205.3,15,19.642131147540983,336.58,22.011935483870968,238.85999999999999,20.523114754098362,112.32000000000001,4,0,7,122.74000000000001
18107,2016,MONTGOMERY,200,176.5,16,18.93639344262295,214.52,22.749354838709678,141.12,22.034590163934425,203.41,9,0,14,66.96999999999997
18107,2017,MONTGOMERY,200,200,17,18.522950819672133,296.91,22.991935483870968,183.6,20.12950819672131,94.97,8,0,10,87.46000000000001
18107,2020,MONTGOMERY,205,190.4,20,18.49590163934426,211.52,24.149354838709677,151.81,19.968524590163934,75.83,16,0,10,67.40999999999997
18107,2021,MONTGOMERY,217.9,205,21,18.68360655737705,201.87,22.52064516129032,144.65,21.893934426229507,137.09,11,0,8,64.13999999999999
18109,2001,MORGAN,163.4,157.1,1,19.192295081967213,198.57999999999998,23.239677419354837,135.87,20.646229508196722,203.02,14,0,11,60.31999999999999
18109,2002,MORGAN,119.2,163.4,2,18.855901639344264,342.9,24.908709677419356,55.59,22.57918032786885,151.46,21,0,14,96.2
18109,2003,MORGAN,139.3,119.2,3,17.764754098360655,232.26,22.87483870967742,230.21,20.41688524590164,280.72,8,0,10,118.43000000000004
18109,2004,MORGAN,169.2,139.3,4,20.1955737704918,288.11,22.203225806451613,146.82,20.119016393442624,112.58,5,0,13,76.56
18109,2005,MORGAN,150.8,169.2,5,18.79606557377049,206.91,23.837741935483873,110.22,22.5027868852459,260.53,12,0,10,71.85
18109,2006,MORGAN,153,150.8,6,18.224262295081967,287.67,23.85516129032258,120.13,20.298196721311474,186.01,12,0,7,64.72000000000003
18109,2007,MORGAN,154.2,153,7,20.644262295081965,127.1,22.143548387096775,69.88,23.062131147540985,139.13,7,0,9,42.54
18109,2008,MORGAN,134,154.2,8,18.078688524590163,456.82,22.773225806451613,162.10999999999999,20.799180327868854,102.05,12,0,16,180.79
18109,2009,MORGAN,175,134,9,19.375573770491805,319.01,20.429032258064517,138.17,20.128852459016393,153.98,0,0,6,87.02999999999999
18109,2010,MORGAN,143.2,175,10,20.664918032786886,358.01,24.55258064516129,81.29,22.11032786885246,32.99,18,0,9,82.69000000000003
18109,2011,MORGAN,113.2,143.2,11,19.343114754098362,310.64,26.07483870967742,29.110000000000003,20.527540983606556,171.34,25,1.3700000000000045,16,74.25999999999996
18109,2012,MORGAN,42.3,113.2,12,20.721803278688526,79.62,27.51225806451613,22.11,20.02983606557377,264.13,30,28.889999999999993,7,46.370000000000005
18109,2013,MORGAN,179.8,42.3,13,19.72016393442623,230.19,22.15967741935484,91.21,20.833934426229508,117.4,7,0,21,54.480000000000004
18109,2014,MORGAN,197,179.8,14,19.685245901639345,258.03000000000003,20.395806451612902,95.42,20.01950819672131,186.07,1,0,8,65.85
18109,2015,MORGAN,155.4,197,15,19.934262295081968,275.64,22.77032258064516,188.87,20.70622950819672,93.17999999999999,6,0,11,93.35000000000002
18109,2016,MORGAN,166,155.4,16,19.200327868852458,201.59,23.549032258064518,161.05,22.79672131147541,270.79,12,0,8,69.35
18109,2017,MORGAN,168.8,166,17,18.73704918032787,289.25,23.578709677419354,176.74,20.573442622950818,62.269999999999996,8,0,10,93.63
18109,2018,MORGAN,197,168.8,18,22.364754098360656,200.71,23.656451612903226,78.64999999999999,22.27688524590164,287.21,15,0,6,70.7
18109,2021,MORGAN,195.7,188,21,18.80262295081967,281.82,23.188709677419354,155.15,22.142295081967212,182.91,10,0,11,95.87
18111,2001,NEWTON,160.9,140.2,1,18.841475409836065,185.05,22.903870967741934,113.94,19.768196721311476,168.1,17,0,8,63.13000000000001
18111,2002,NEWTON,155.2,160.9,2,18.025901639344262,213.49,24.581290322580646,109.49,20.879016393442623,170.58,20,0.3299999999999983,8,87.55
18111,2003,NEWTON,147.8,155.2,3,17.032459016393442,230.81,22.431290322580644,297.14,20.160655737704918,187.43,9,0,11,147.57
18111,2004,NEWTON,179.4,147.8,4,18.92672131147541,308.51,21.89774193548387,77.23,19.266557377049182,268.82,7,0,7,120.53999999999999
18111,2005,NEWTON,157.9,179.4,5,19.095901639344262,78.04,23.676129032258064,108.58,21.862459016393444,190.09,16,0,11,38.48000000000002
18111,2006,NEWTON,163,157.9,6,18.038032786885246,192.94,23.998709677419356,148.10999999999999,19.748688524590165,223.28,14,0,7,59.39999999999999
18111,2007,NEWTON,179.6,163,7,20.28737704918033,149.71,21.52032258064516,92.57,22.01065573770492,198.53,5,0,7,57.16999999999999
18111,2008,NEWTON,185,179.6,8,17.83344262295082,232.03,22.54935483870968,77.33,20.00049180327869,295.27,8,0,8,65.42000000000002
18111,2009,NEWTON,182,185,9,18.681147540983606,243.69,20.245483870967742,72.36,19.431311475409835,103.28999999999999,0,0,8,97.43
18111,2010,NEWTON,169.9,182,10,19.88344262295082,339.46,24.468064516129033,84.86999999999999,21.320819672131147,133.04,17,0,10,56.620000000000005
18111,2011,NEWTON,166.3,169.9,11,18.67606557377049,271,25.496129032258064,86.16,19.522950819672133,188.22,21,3.670000000000009,10,77.38999999999999
18111,2012,NEWTON,132.6,166.3,12,20.155081967213114,179.17000000000002,25.820967741935483,50.55,19.43377049180328,193.59,25,13.909999999999997,6,54.17999999999999
18111,2013,NEWTON,174.1,132.6,13,19.19016393442623,288.31,22.04290322580645,39.79,20.538852459016393,120.89999999999999,9,0,8,73.05
18111,2014,NEWTON,185.1,174.1,14,19.304098360655736,358.61,20.013870967741937,102.73,19.811311475409838,257.06,2,0,7,86.88000000000002
18111,2015,NEWTON,110.9,185.1,15,19.171475409836066,497.43,22.233870967741936,157.20999999999998,20.923934426229508,210.77,9,0,6,112.13999999999999
18111,2016,NEWTON,204.7,110.9,16,18.854918032786884,173.14,23.079354838709676,191.37,22.290327868852458,311.34,13,0,12,92.75
18111,2017,NEWTON,203.9,204.7,17,18.395409836065575,241.67000000000002,23.020967741935483,162.43,19.823606557377047,122.83,10,0,9,101.38
18111,2018,NEWTON,198.9,203.9,18,21.524262295081968,208.06,22.871290322580645,65.83,21.778032786885245,168.6,10,0,8,86.35000000000001
18111,2019,NEWTON,182.5,198.9,19,18.178852459016394,301.61,24.27709677419355,109.01,21.134098360655738,208.15,18,0,12,54.04
18111,2020,NEWTON,192.9,182.5,20,18.525737704918033,247.29,24.120322580645162,76.46,19.820983606557377,121.28,14,0,9,105.41
18111,2021,NEWTON,182.7,192.9,21,18.63639344262295,321.85,22.593870967741935,108.58999999999999,22.055245901639346,152.92,11,0,11,129.61999999999998
18113,2001,NOBLE,131.6,130.8,1,17.76950819672131,206.45,21.99032258064516,82.06,19.15377049180328,231.47,13,0,9,44.82000000000002
18113,2002,NOBLE,110.8,131.6,2,16.909180327868853,196.09,23.988709677419354,79.67,20.91393442622951,93.74,19,0,11,71.95
18113,2003,NOBLE,154.1,110.8,3,16.453114754098362,214.95,21.720967741935485,181.11,19.139508196721312,271.6,5,0,8,115.15000000000003
18113,2004,NOBLE,154.1,154.1,4,18.088688524590165,312.41,21.376451612903224,137.81,18.84,143.16,4,0,4,96.61000000000001
18113,2005,NOBLE,142,154.1,5,17.944426229508196,97.6,23.331290322580646,138.59,20.90377049180328,172.57999999999998,16,0,9,46.599999999999994
18113,2006,NOBLE,150.3,142,6,17.18672131147541,222.25,23.204193548387096,140.26999999999998,18.838032786885247,159.07999999999998,8,0,7,92.39999999999999
18113,2007,NOBLE,147,150.3,7,19.547704918032785,96.66,21.793548387096774,90.1,20.766065573770494,268.51,8,0,7,51.230000000000004
18113,2008,NOBLE,132,147,8,17.024262295081968,205.06,22.18064516129032,91.47,19.975409836065573,175.3,8,0,13,38.22
18113,2009,NOBLE,153,132,9,17.626393442622952,214.62,19.40967741935484,76.55,18.731639344262295,206.18,0,0,5,61.31
18113,2010,NOBLE,142.4,153,10,18.947868852459017,313.04,23.621612903225806,80.82,20.470819672131146,84.60000000000001,14,0,9,63.55
18113,2011,NOBLE,131.9,142.4,11,18.37344262295082,232.85,24.903548387096773,74.76,18.978524590163936,209.08,20,2.1600000000000037,8,83.54999999999998
18113,2012,NOBLE,105.7,131.9,12,19.950491803278688,63.62,25.887096774193548,100.02,18.641475409836065,162.38,23,16.209999999999994,12,49.519999999999996
18113,2013,NOBLE,164.1,105.7,13,18.895081967213116,226.75,21.77935483870968,80.64,19.402131147540985,106.57,7,0,8,69.57
18113,2014,NOBLE,168.8,164.1,14,18.43262295081967,226.2,19.5958064516129,51.52,19.114918032786886,173.56,1,0,7,83.62
18113,2015,NOBLE,163.1,168.8,15,18.64295081967213,288.71,20.773225806451613,148.18,19.89688524590164,150.74,4,0,13,68.53
18113,2016,NOBLE,157.1,163.1,16,17.885245901639344,203.14,22.881612903225808,55.39,21.512131147540984,215.81,15,0,13,54.129999999999995
18113,2017,NOBLE,175.5,157.1,17,17.49704918032787,283.78,21.982580645161292,121.02,19.208852459016395,141.79,4,0,8,67.63
18113,2018,NOBLE,170.7,175.5,18,20.11672131147541,242.6,22.619032258064514,86.38,21.16409836065574,218.59,11,0,15,77.78
18113,2019,NOBLE,179.5,170.7,19,17.261147540983607,243.39000000000001,23.67451612903226,105.44,20.331967213114755,232.16,12,0,7,47.69999999999999
18113,2020,NOBLE,175.3,179.5,20,17.648852459016393,166.5,24.023548387096774,60.53,19.501475409836065,135.33,16,0,16,80.78
18113,2021,NOBLE,187.7,175.3,21,17.945081967213113,253.91,22.316129032258065,109.8,21.03688524590164,191.86,9,0,11,79.6
18115,2011,OHIO,97,120.4,11,19.91327868852459,346.02,26.771290322580644,39.32,21.232295081967212,248.14000000000001,25,2.5900000000000105,9,75.74
18115,2015,OHIO,162.5,182.8,15,20.82016393442623,228.09,23.56032258064516,159.41,21.49098360655738,135.88,13,0,11,81.13
18115,2016,OHIO,150,162.5,16,19.90590163934426,201.11,24.9,138.01,23.968360655737705,225.35999999999999,16,0,7,57.78
18115,2017,OHIO,170.8,150,17,19.515409836065572,331.05,24.393225806451614,143.09,21.000819672131147,170.44,10,0,9,67.97
18115,2018,OHIO,180,170.8,18,22.931475409836064,250.58,24.520967741935483,104.33,23.375409836065575,375.18,16,0,12,66.31
18115,2019,OHIO,136,180,19,20.34688524590164,351.14,25.466451612903224,104.96,23.757540983606557,83.73,25,0,6,133.88
18115,2020,OHIO,154.3,136,20,19.35049180327869,241.45,25.78,147.3,21.621147540983607,154.6,24,0,6,83.68
18115,2021,OHIO,141.4,154.3,21,19.275409836065574,292.65999999999997,23.94741935483871,154.87,22.64639344262295,184.96,11,0,11,81.87999999999997
18117,2001,ORANGE,150.9,162.9,1,19.59295081967213,223.97,23.751612903225805,108.75,21.08754098360656,173.81,15,0,8,52.81
18117,2002,ORANGE,70.2,150.9,2,19.37950819672131,317.68,25.376129032258063,43.03,23.120983606557377,187.76999999999998,24,0,14,91.9
18117,2003,ORANGE,153.9,70.2,3,18.208360655737703,277.17,23.322903225806453,154.07,21.011803278688525,183.77,11,0,17,84.44
18117,2004,ORANGE,154.9,153.9,4,20.924754098360655,337.90000000000003,22.666774193548388,169.03,20.292459016393444,112.6,9,0,14,138.48000000000002
18117,2005,ORANGE,144,154.9,5,19.332295081967214,176.24,23.885806451612904,107.93,22.963770491803277,214.19,18,0,16,82.7
18117,2006,ORANGE,153.8,144,6,18.818032786885247,245.10999999999999,24.196774193548386,115.87,20.711967213114754,343.95,14,0,6,71.82
18117,2007,ORANGE,145.5,153.8,7,21.089180327868853,126.97999999999999,22.566129032258065,81.09,23.952622950819674,105.76,15,0,11,41.629999999999995
18117,2008,ORANGE,160,145.5,8,19.24573770491803,289.32,23.493548387096773,141.32,21.274590163934427,116.21000000000001,14,0,25,83.78
18117,2009,ORANGE,173,160,9,20.15327868852459,337.44,21.220967741935485,176.47,20.71639344262295,234.81,1,0,7,80.77999999999997
18117,2010,ORANGE,149.4,173,10,21.63639344262295,310.63,25.358387096774194,103.06,22.510327868852457,42.71,25,0,9,76.6
18117,2011,ORANGE,131.9,149.4,11,20.062295081967214,376.59000000000003,26.231612903225805,66.25,20.792459016393444,202.36,27,0.8699999999999974,12,104.4
18117,2012,ORANGE,30.1,131.9,12,21.553934426229507,92.8,27.60516129032258,79.43,20.905245901639343,250.86,30,40.930000000000014,10,44.71
18117,2013,ORANGE,181.4,30.1,13,20.274918032786886,315.01,22.974516129032256,102.25,21.414098360655736,116.89,12,0,9,105.08999999999997
18117,2014,ORANGE,196.9,181.4,14,20.73327868852459,248.76999999999998,21.48516129032258,115.92999999999999,20.854098360655737,205.34,8,0,10,94.14999999999999
18117,2015,ORANGE,190.5,196.9,15,20.604098360655737,337.83,23.883870967741935,157.07,21.282131147540984,88.6,13,0,11,129.91000000000003
18117,2016,ORANGE,162.3,190.5,16,20.018688524590164,231.94,24.730967741935483,146.08,23.271803278688523,183.16,16,0,6,82.60000000000002
18117,2017,ORANGE,198.2,162.3,17,19.547377049180326,244.15,23.961290322580645,238.02,20.696393442622952,114.49,15,0,10,102.10000000000002
18117,2018,ORANGE,206.7,198.2,18,22.534590163934425,295.93,23.802903225806453,69.06,22.992459016393443,258.46,18,0,10,97.11
18117,2019,ORANGE,151.7,206.7,19,20.211475409836066,452.44,24.401612903225807,107.17,22.745081967213114,133.9,21,0,7,126.57
18117,2020,ORANGE,205.3,151.7,20,19.061311475409838,235.58,24.783548387096776,175.39,20.501475409836065,146.25,25,0,7,85.86000000000001
18117,2021,ORANGE,200.3,205.3,21,19.571803278688524,208.74,23.876774193548385,168.28,22.415901639344263,292.93,16,0,12,69.339999999999975
18119,2001,OWEN,160,146.2,1,19.250655737704918,213.44,23.355806451612903,157.8,20.742622950819673,181.79,14,0,11,66.68
18119,2002,OWEN,125.8,160,2,18.81655737704918,327.17,24.951290322580647,99.82000000000001,22.50295081967213,171.81,22,0,10,101.12
18119,2003,OWEN,136.5,125.8,3,17.695737704918034,223.5,23.118709677419353,197.47,20.38967213114754,260.25,10,0,15,105.77000000000001
18119,2004,OWEN,165,136.5,4,20.28950819672131,264.15,22.294838709677418,182.21,19.975573770491803,118.48,8,0,13,88.03
18119,2005,OWEN,146,165,5,18.74311475409836,202.11999999999998,23.87677419354839,109.3,22.631967213114756,281.81,14,0,10,88.99999999999999
18119,2006,OWEN,132.5,146,6,18.5372131147541,266.18,23.938387096774193,96.76,20.471967213114755,232.13,16,0,7,57.56
18119,2007,OWEN,150.7,132.5,7,20.561639344262296,187.71,22.02064516129032,94.25,23.26688524590164,139.28,8,0,11,69.35000000000001
18119,2008,OWEN,135,150.7,8,18.235245901639345,509.35,23.268387096774195,169.18,20.935245901639345,91.64999999999999,13,0,25,212.51000000000002
18119,2009,OWEN,152,135,9,19.480819672131148,362.91999999999996,20.606129032258064,143.62,20.145573770491804,147.06,0,0,6,101.05000000000001
18119,2010,OWEN,142.4,152,10,20.748852459016394,358.07,24.60225806451613,115.02,22.15983606557377,47.56,18,0,15,86.77000000000001
18119,2011,OWEN,120.1,142.4,11,19.48704918032787,294.03,26.06258064516129,41.16,20.802459016393442,173.58,25,1.5800000000000054,16,64.14
18119,2012,OWEN,41,120.1,12,20.644590163934428,72.68,27.63258064516129,35.58,20.249016393442623,274.11,30,38.809999999999995,7,41.53
18119,2013,OWEN,148.6,41,13,19.86983606557377,291.38,22.42516129032258,118.26,21.1072131147541,83.73,10,0,21,72.68
18119,2016,OWEN,160.5,164.1,16,19.45,211.8,23.928709677419356,182.04,23.232131147540983,275.85,16,0,8,84.03999999999999
18119,2017,OWEN,156.1,160.5,17,19.112622950819674,258.76,24.00032258064516,168.4,21.00393442622951,61.2,16,0,8,91.37
18119,2018,OWEN,172.7,156.1,18,22.716065573770493,229.10999999999999,24.039032258064516,88.86,22.68311475409836,297.29,20,0,7,90.76000000000002
18119,2021,OWEN,184,168.5,21,19.108032786885246,304.3,23.642580645161292,167.53,22.444590163934425,165.10999999999999,12,0,7,103.62999999999997
18121,2001,PARKE,146.4,145.7,1,19.37327868852459,224.02,23.42225806451613,175.89,20.54639344262295,149.23,15,0,9,82.4
18121,2002,PARKE,123.5,146.4,2,18.87065573770492,313.49,25.09225806451613,82.94,22.19655737704918,139.24,23,0.509999999999998,10,93.44999999999999
18121,2003,PARKE,155.2,123.5,3,17.937540983606556,224.8,23.089354838709678,237.11,20.31393442622951,276.94,11,0,15,134.40000000000003
18121,2004,PARKE,164.6,155.2,4,20.292622950819673,285.56,22.346129032258066,96.54,20.025573770491803,108.28,7,0,8,62.349999999999994
18121,2005,PARKE,154,164.6,5,19.15639344262295,167.33,24.038064516129033,115.31,22.221639344262297,253.1,15,0.07000000000000028,8,78.85
18121,2006,PARKE,156.5,154,6,18.549180327868854,243.26000000000002,24.254516129032258,98.84,20.207868852459015,193.49,14,0,7,60.20000000000002
18121,2007,PARKE,163.7,156.5,7,20.912295081967212,133.68,21.975161290322582,103.17,22.94360655737705,148.03,7,0,7,62.46000000000001
18121,2008,PARKE,149,163.7,8,18.465409836065575,448.79,23.052258064516128,146.14,20.522950819672133,159.35,13,0,16,197.33999999999997
18121,2009,PARKE,170,149,9,19.53295081967213,306.29,20.67258064516129,105.16,20.112786885245903,105.27,1,0,6,87.51000000000002
18121,2010,PARKE,164.9,170,10,20.810327868852458,353.56,24.82,120.94,22.3372131147541,49.41,18,0,15,92.88999999999999
18121,2011,PARKE,148.6,164.9,11,19.83098360655738,255.54,26.2558064516129,47.620000000000005,20.60311475409836,126.63000000000001,27,4.550000000000004,16,68.97
18121,2012,PARKE,64.2,148.6,12,21.020491803278688,79.57,27.215806451612902,15.79,20.236229508196722,232.88,30,38.28,8,41.19
18121,2013,PARKE,173.1,64.2,13,19.899016393442622,242.77,22.393548387096775,99.28,21.045245901639344,81.25,8,0,21,71.72
18121,2016,PARKE,182.8,160.8,16,19.72655737704918,197.39000000000001,23.789354838709677,168.72,22.85311475409836,203.2,15,0,14,61.79999999999998
18121,2017,PARKE,178.6,182.8,17,19.23311475409836,255.74,23.723548387096773,121.30999999999999,20.58344262295082,61.78,13,0,17,78.22
18121,2018,PARKE,192.7,178.6,18,22.621311475409836,270.64,23.31032258064516,114.77,22.491311475409837,336.61,15,0,7,102.80000000000001
18121,2019,PARKE,178.7,192.7,19,18.775409836065574,275.58,24.47741935483871,52.75,21.80327868852459,159.6,19,0,9,91.56
18121,2020,PARKE,196.7,178.7,20,18.841475409836065,260.82,24.45064516129032,148.9,20.438852459016392,71.58,19,0,10,74.15
18123,2001,PERRY,133.2,135.4,1,20.39639344262295,232.22,24.70032258064516,117.04,21.994918032786885,174.71,20,0,7,76.15999999999997
18123,2002,PERRY,77.4,133.2,2,20.282131147540984,279.97,25.989677419354837,51.77,23.7127868852459,196.92,26,0.14999999999999858,12,92.33999999999999
18123,2003,PERRY,133.7,77.4,3,19.032295081967213,272.31,24.17322580645161,98.03,21.628524590163934,206.96,17,0,17,81.83
18123,2004,PERRY,138.3,133.7,4,21.601475409836066,352.8,23.533225806451615,144.74,21.14967213114754,118.44,13,0,14,127.83999999999999
18123,2005,PERRY,147.9,138.3,5,20.36622950819672,162.81,24.75258064516129,105.23,23.681147540983606,241.32,20,0,22,73.38
18123,2006,PERRY,131.3,147.9,6,19.67967213114754,316.33,24.900645161290324,135.29,21.368032786885244,396.49,20,0,10,83.86000000000001
18123,2007,PERRY,148.5,131.3,7,21.736229508196722,124.8,23.468709677419355,107.81,24.558360655737705,87.94,15,0,11,45.08999999999999
18123,2008,PERRY,145,148.5,8,20.035081967213113,261.75,24.072903225806453,90.88,22.390819672131148,67.82000000000001,17,0,24,62.07
18123,2009,PERRY,161,145,9,20.782131147540984,253.44,21.891612903225806,201.51,21.434426229508198,181.59,4,0,7,81.11000000000001
18123,2010,PERRY,132.6,161,10,22.304754098360657,259.40999999999997,25.715806451612902,134.52,23.528196721311474,46.34,27,0,9,118.36
18123,2011,PERRY,129.8,132.6,11,20.722622950819673,378.09000000000003,26.61193548387097,68.1,21.561639344262296,177.36,28,0.8200000000000003,11,111.31
18125,2001,PIKE,149,156.2,1,20.601639344262296,203.42,24.605806451612903,121.89999999999999,22.035737704918034,185.57,18,0,7,67.11
18125,2002,PIKE,91.4,149,2,20.405081967213114,330.3,26.496129032258064,38.05,24.03327868852459,171.35,26,1.5700000000000074,13,104.62000000000002
18125,2003,PIKE,122.2,91.4,3,19.057868852459016,269.63,24.608387096774194,101.56,22.105245901639343,152.31,18,0,15,87.74999999999999
18125,2004,PIKE,159.7,122.2,4,21.387377049180326,293.63,23.303225806451614,148.5,21.1072131147541,138.52,10,0,14,118.20000000000002
18125,2005,PIKE,145.3,159.7,5,20.328852459016392,145.83,24.82258064516129,95.84,23.808852459016393,237.4,19,0.20000000000000284,16,77.28
18125,2006,PIKE,144.6,145.3,6,19.93639344262295,249.70000000000002,25.344516129032257,111.08,21.468852459016393,302.63,22,0.00999999999999801,6,68.81999999999996
18125,2007,PIKE,156,144.6,7,22.16360655737705,182.55,23.468387096774194,53.85,24.645081967213116,148.82999999999998,18,0,11,64.24000000000001
18125,2008,PIKE,153,156,8,20.16295081967213,278.62,24.211290322580645,121.12,21.80934426229508,128.99,17,0,24,85.04
18125,2009,PIKE,155,153,9,21.13967213114754,301.98,22.11258064516129,191.64,21.50360655737705,203.14,3,0,6,66.19999999999999
18125,2010,PIKE,146.1,155,10,22.554590163934428,263.96999999999997,26.145806451612902,149.05,23.549016393442624,62.98,28,0.04999999999999716,14,89.18
18125,2013,PIKE,169.1,57.8,13,20.69049180327869,296.17,23.48774193548387,107.04,22.10327868852459,111.88,13,0,18,69.52000000000001
18125,2014,PIKE,170.7,169.1,14,21.337868852459017,240.95,22.184838709677418,80.21000000000001,21.659180327868853,197.39,9,0,11,87.75
18127,2001,PORTER,139,128.6,1,18.025245901639344,199.37,22.59483870967742,105.18,19.694754098360654,198.33,16,0,10,54.60000000000002
18127,2002,PORTER,107.2,139,2,17.236229508196722,189.57999999999998,24.383548387096774,61.06,20.968032786885246,122.13,16,0.25,12,93.8
18127,2003,PORTER,148.4,107.2,3,15.801639344262295,245.34,21.86741935483871,231.71,19.788196721311476,131.9,6,0,8,127.97999999999999
18127,2004,PORTER,172.7,148.4,4,17.75360655737705,251.15,21.59032258064516,105.36999999999999,18.89344262295082,213.6,6,0,4,71.85
18127,2005,PORTER,137.1,172.7,5,18.479016393442624,118.11,23.68774193548387,74.92,21.450983606557376,196.75,16,1.0399999999999991,11,39.38
18127,2006,PORTER,158.8,137.1,6,17.171803278688525,142.69,23.587096774193547,154,19.094590163934427,226.29,12,0,7,62.190000000000026
18127,2007,PORTER,153.6,158.8,7,19.56737704918033,118.67,21.711612903225806,105.66,21.128688524590164,309.08,4,0,8,47.33000000000001
18127,2008,PORTER,167,153.6,8,17.141803278688524,148.84,22.33225806451613,72.35,19.831147540983608,376.38,8,0,8,32.19
18127,2009,PORTER,156,167,9,17.90655737704918,209.23,20.00516129032258,71.94,19.185245901639345,137.07,0,0,8,77.19999999999999
18127,2010,PORTER,168.2,156,10,19.080491803278687,321.82,24.239677419354837,136.67000000000002,20.820819672131147,124.83,16,0,10,66.62
18127,2011,PORTER,153.1,168.2,11,17.80934426229508,283.52,24.862903225806452,148.75,19.014754098360655,171.63,17,3.1000000000000014,8,98.71
18127,2012,PORTER,165.7,153.1,12,19.570819672131147,159.52,25.703548387096774,124.55,18.948688524590164,144.91,20,10.170000000000009,6,61.71000000000001
18127,2013,PORTER,177.8,165.7,13,18.08606557377049,285.57,21.613870967741935,45.6,19.75311475409836,172.9,8,0,8,74.48999999999998
18127,2014,PORTER,177.1,177.8,14,18.358688524590164,335.28000000000003,19.62483870967742,67.72,19.34016393442623,333.71999999999997,1,0,9,90.57000000000002
18127,2015,PORTER,151.5,177.1,15,18.33754098360656,312.19,21.663548387096775,110.18,20.491475409836067,214.67,6,0,14,71.14000000000001
18127,2016,PORTER,173.3,151.5,16,18.212295081967213,140.6,23.151935483870968,128.64000000000001,22.075409836065575,317.29,15,0,13,55.70999999999998
18127,2017,PORTER,186.2,173.3,17,17.678360655737706,186.82,22.414516129032258,129.7,19.618852459016395,107.96,5,0,6,77.07000000000002
18127,2018,PORTER,182.1,186.2,18,19.97327868852459,222.36,22.545483870967743,68.24,21.394918032786887,229.81,9,0,8,50.69999999999999
18127,2019,PORTER,181.9,182.1,19,16.807377049180328,337.87,23.900967741935485,57.24,20.58377049180328,271.85,15,0,7,53.140000000000015
18127,2020,PORTER,182.2,181.9,20,18.029508196721313,291.51,23.890967741935484,74.04,19.691311475409837,111.06,14,0,17,138.3
18127,2021,PORTER,178,182.2,21,18.09655737704918,278.78,22.576129032258063,74.28,21.91426229508197,156.88,11,0,11,115.11999999999998
18129,2001,POSEY,167.2,160.1,1,21.267704918032788,171.24,25.553225806451614,135.64000000000001,22.54327868852459,180.73,21,0.09000000000000341,10,61.480000000000004
18129,2002,POSEY,120.8,167.2,2,21.302131147540983,265.62,27.510322580645163,45.85,24.985245901639345,171.85,30,0.8000000000000043,12,85.13
18129,2003,POSEY,146.9,120.8,3,19.738196721311475,251.69,25.551612903225806,65.9,22.422622950819672,164.98,24,0,15,76.48
18129,2004,POSEY,174.2,146.9,4,22.245081967213114,286.42,24.216451612903224,165.82,21.77639344262295,120.50999999999999,13,0,14,103.2
18129,2005,POSEY,151.2,174.2,5,21.048032786885244,160.04999999999998,25.730645161290322,71.17999999999999,24.69295081967213,302.8,22,0.7700000000000031,10,81.14999999999998
18129,2006,POSEY,162.5,151.2,6,20.83983606557377,208.26,25.900322580645163,164.67,22.27672131147541,354.64,22,0.13000000000000256,6,113.90999999999997
18129,2007,POSEY,158.6,162.5,7,22.80032786885246,152.97,24.601935483870967,60.559999999999995,25.688852459016392,108.23,21,0,16,45.97
18129,2008,POSEY,157,158.6,8,20.968196721311475,277.59000000000003,25.13,136.29999999999998,23.108852459016394,77.06,19,0.19000000000000483,14,67.9
18129,2009,POSEY,176,157,9,22.058524590163934,256.96,23.22032258064516,180.79,22.332295081967214,195.52,8,0,7,54.879999999999995
18129,2010,POSEY,146.6,176,10,23.287540983606558,180.4,26.91225806451613,88.48,24.58377049180328,52.64,28,0.7800000000000011,8,65.3
18129,2011,POSEY,152.6,146.6,11,21.530983606557378,318.81,27.93709677419355,187.25,22.627868852459017,231.48000000000002,30,5.520000000000003,11,112.69
18129,2012,POSEY,75.2,152.6,12,23.207049180327868,43.13,29.08967741935484,59.56,22.518688524590164,292.53000000000003,31,54.730000000000004,9,24.54
18129,2013,POSEY,193,75.2,13,21.357704918032788,231.39,24.195806451612903,141.83,23.034098360655737,93,13,0,13,64.5
18129,2014,POSEY,197.3,193,14,22.027049180327868,185.27,22.908709677419356,107.61,22.638360655737706,179.57,11,0,11,65.25
18129,2015,POSEY,190.3,197.3,15,22.081475409836067,272.21999999999997,25.721290322580646,143.6,23.012295081967213,133.15,19,0,11,112.62
18129,2016,POSEY,144,190.3,16,21.6272131147541,209.99,26.16032258064516,203.09,24.599836065573772,194.48,24,0,6,127.75
18129,2017,POSEY,190.1,144,17,21.36688524590164,185.60999999999999,26.091612903225805,104.11,22.389016393442624,115.25,23,0.39000000000000057,9,67.72
18129,2018,POSEY,182.1,190.1,18,24.054918032786887,345.58,25.49967741935484,61.78,24.213606557377048,236.97,23,0,14,93.07999999999998
18129,2019,POSEY,176.3,182.1,19,21.45016393442623,286.35,25.965806451612902,104.07,24.535409836065575,125.45,24,0,7,70.15000000000003
18129,2020,POSEY,199,176.3,20,20.362622950819674,333.71,26.398064516129033,165.73,22.318852459016394,169.65,24,0,12,146.79
18129,2021,POSEY,220,199,21,20.74606557377049,153.47,25.288387096774194,152.79,23.73967213114754,148.44,17,0,7,73.88
18131,2001,PULASKI,142.6,131.7,1,18.494098360655737,234.85999999999999,22.55032258064516,117.94,19.621639344262295,178.74,16,0,8,55.150000000000006
18131,2002,PULASKI,128.6,142.6,2,17.57032786885246,190.87,24.621612903225806,106.33999999999999,21.040819672131146,132.38,22,0.14000000000000057,11,80.09
18131,2003,PULASKI,119.6,128.6,3,16.68245901639344,231,21.95709677419355,297.1,19.73295081967213,174.63,7,0,12,189.77999999999997
18131,2004,PULASKI,167.3,119.6,4,18.59327868852459,257.03,21.639032258064518,125.15,18.994918032786885,248.07,6,0,7,80.72
18131,2005,PULASKI,151.6,167.3,5,18.715245901639346,111.32,23.726129032258065,119.00999999999999,21.481967213114753,225.95,15,0,11,42.75999999999999
18131,2006,PULASKI,152.7,151.6,6,17.47590163934426,207.70000000000002,23.643870967741936,150.08,19.32327868852459,235.03,11,0,6,64.75
18131,2007,PULASKI,161.5,152.7,7,19.87262295081967,138.92,21.40032258064516,134.14000000000001,21.308524590163934,223.71,4,0,7,62.900000000000006
18131,2008,PULASKI,168,161.5,8,17.327213114754098,251.04,22.120322580645162,77.78,19.865901639344262,316.84,7,0,7,53.58999999999999
18131,2009,PULASKI,148,168,9,18.441147540983607,200.29,20.049032258064518,53.37,19.26704918032787,120.17999999999999,0,0,8,72.06
18131,2010,PULASKI,165.2,148,10,19.673934426229508,301.78,24.059032258064516,154.48,21.07327868852459,120.56,17,0,9,72.61000000000001
18131,2011,PULASKI,153.6,165.2,11,18.998688524590165,280.81,25.160645161290322,120.8,19.335573770491802,192.73,23,3.8200000000000074,8,83.57000000000001
18131,2012,PULASKI,110.9,153.6,12,20.402295081967214,110.64,25.80032258064516,86.5,19.402295081967214,162.96,24,15.070000000000007,6,38.730000000000004
18131,2013,PULASKI,163,110.9,13,19.19344262295082,319.47,21.927741935483873,48.46,19.92967213114754,177.35999999999999,9,0,10,91.24000000000001
18131,2014,PULASKI,155.7,163,14,19.128852459016393,269.28,20.024838709677418,71.13,19.4672131147541,356.48,3,0,7,77.75999999999999
18131,2015,PULASKI,109.7,155.7,15,19.07688524590164,439.27,21.802258064516128,131.75,20.62049180327869,143.88,7,0,14,108.59
18131,2016,PULASKI,158.8,109.7,16,18.541147540983605,153.71,22.911290322580644,117.2,22.05016393442623,378.38,14,0,13,43.79999999999998
18131,2017,PULASKI,186.2,158.8,17,17.86360655737705,259.59000000000003,22.6658064516129,179,19.528360655737703,120.96000000000001,7,0,6,89.69
18131,2018,PULASKI,169.1,186.2,18,20.941639344262295,259.24,22.76967741935484,49.99,21.40967213114754,203.86,10,0,7,89.81
18131,2019,PULASKI,161,169.1,19,17.697868852459017,261.58,24.31064516129032,62.17,20.798196721311474,223.73000000000002,20,0,12,46.2
18131,2020,PULASKI,172.7,161,20,18.391639344262295,182.79,24.144193548387097,58.519999999999996,19.671967213114755,119.29,16,0,9,67.89999999999999
18133,2001,PUTNAM,157.8,149.9,1,18.78,201.45,22.784193548387098,164.59,19.998032786885247,192.41,14,0,12,78.13
18133,2002,PUTNAM,140.3,157.8,2,18.30655737704918,318.26,24.392580645161292,90.3,21.62737704918033,178.53,18,0,10,91.89999999999999
18133,2003,PUTNAM,145.7,140.3,3,17.207049180327868,226.47,22.390967741935484,240.85999999999999,19.765409836065572,295.53000000000003,8,0,17,129.04000000000002
18133,2004,PUTNAM,178.8,145.7,4,19.545409836065573,280.18,21.650645161290324,142.37,19.362622950819674,105.76,4,0,13,74.03000000000002
18133,2005,PUTNAM,159.3,178.8,5,18.480655737704918,193.05,23.390645161290323,132.86,21.879180327868852,259.91,11,0,8,83.75
18133,2006,PUTNAM,155.5,159.3,6,17.814918032786885,270.68,23.561290322580646,85.96000000000001,19.631639344262297,240.12,10,0,7,65.43
18133,2007,PUTNAM,164.8,155.5,7,20.102295081967213,142.12,21.349032258064515,90.23,22.38622950819672,142.42,2,0,7,50.370000000000005
18133,2008,PUTNAM,151,164.8,8,17.700327868852458,491.04,22.358709677419355,162.88,20.162131147540983,114.05,9,0,22,217.11
18133,2009,PUTNAM,172,151,9,19.022131147540982,336.13,19.94483870967742,117.96,19.665737704918033,125.67,0,0,6,97.32999999999998
18133,2010,PUTNAM,160.6,172,10,20.224262295081967,381.81,23.9941935483871,124.94,21.45360655737705,49.82,14,0,15,93.71999999999997
18133,2011,PUTNAM,142.4,160.6,11,19.19065573770492,268.5,25.48774193548387,47.61,19.977540983606556,154.23000000000002,23,0.75,16,59.06000000000001
18133,2012,PUTNAM,61.4,142.4,12,20.233934426229506,87.19,26.864193548387096,17.65,19.56344262295082,316.28,30,24.720000000000013,8,50.17
18133,2013,PUTNAM,182.7,61.4,13,19.461967213114754,240.51,21.883870967741935,96.95,20.61016393442623,115.67999999999999,8,0,21,68.32
18133,2014,PUTNAM,198.6,182.7,14,19.567213114754097,242.26,19.950967741935482,93.03,19.755901639344263,172.35999999999999,0,0,8,60.95
18133,2015,PUTNAM,149.6,198.6,15,19.755245901639345,315.23,22.443870967741937,212.25,20.52360655737705,99.95,5,0,11,108.83000000000004
18133,2018,PUTNAM,196.8,180,18,22.194590163934425,233.68,23.171612903225807,86.85,22.050983606557377,314.88,14,0,6,83.64
18133,2019,PUTNAM,179.1,196.8,19,18.68344262295082,305.14,24.149032258064516,101.99000000000001,21.643934426229507,149.2,17,0,9,101.84
18133,2020,PUTNAM,193.5,179.1,20,18.46016393442623,238.26,24.27967741935484,121.31,20.13622950819672,67.49,18,0,10,76.15
18133,2021,PUTNAM,196.3,193.5,21,18.708688524590166,253,22.850645161290323,166.89,21.99327868852459,160.07,10,0,7,74.39000000000001
18135,2001,RANDOLPH,153.5,149.8,1,18.442295081967213,228.57999999999998,22.20935483870968,128.48,19.464426229508195,234.28,11,0,10,65.47
18135,2002,RANDOLPH,94.9,153.5,2,17.92065573770492,216.25,24.351612903225806,45.69,21.65344262295082,156.26,23,0,9,62.81
18135,2003,RANDOLPH,140.6,94.9,3,17.12688524590164,251,21.63806451612903,239.05,19.590983606557376,302.84,5,0,14,179.34
18135,2004,RANDOLPH,164.9,140.6,4,19.13655737704918,280.36,21.39,111.58,19.27032786885246,115.85000000000001,3,0,7,91.91
18135,2005,RANDOLPH,152,164.9,5,18.14934426229508,150.59,23.098387096774193,78.03,21.288032786885246,278.44,8,0,10,53.82000000000001
18135,2006,RANDOLPH,145.6,152,6,17.29672131147541,274.76,23.423870967741934,92.61,19.26983606557377,181.97,12,0,7,68.64999999999999
18135,2007,RANDOLPH,129,145.6,7,19.897540983606557,99.35,21.008709677419354,56.26,21.75622950819672,214.35999999999999,3,0,7,27.419999999999995
18135,2008,RANDOLPH,147,129,8,17.734590163934428,308.49,22.056774193548385,107.2,20.02655737704918,82.27,6,0,16,72.22999999999999
18135,2009,RANDOLPH,173,147,9,18.58983606557377,206.2,20.07193548387097,68,19.314918032786885,100.36,1,0,9,46.910000000000004
18135,2010,RANDOLPH,156.9,173,10,19.91688524590164,340.87,23.955483870967743,80.13,21.01049180327869,105.82000000000001,16,0,9,63.72000000000003
18135,2011,RANDOLPH,143.3,156.9,11,18.928852459016394,269.79,25.73032258064516,41.9,19.495081967213114,204.11,27,3.1400000000000006,8,55.170000000000016
18135,2012,RANDOLPH,94,143.3,12,20.29327868852459,129.01,25.73548387096774,61.269999999999996,19.198196721311476,270.39,25,10.140000000000008,12,57.35
18135,2013,RANDOLPH,171.3,94,13,19.483442622950818,206.54999999999998,21.954516129032257,61.029999999999994,19.939180327868854,133.03,8,0,12,54.92
18135,2014,RANDOLPH,179.6,171.3,14,19.24737704918033,271.24,19.981290322580644,68.74,19.361147540983605,209,1,0,8,72.61
18135,2015,RANDOLPH,144.8,179.6,15,19.52327868852459,390.5,22.02806451612903,144.71,20.19344262295082,132.52,4,0,7,91.97000000000003
18135,2016,RANDOLPH,165.8,144.8,16,18.67032786885246,171.12,23.263870967741937,78.55,22.277377049180327,247.45,13,0,11,39.31999999999999
18135,2017,RANDOLPH,169.6,165.8,17,18.151967213114755,337.02,22.646451612903228,147.29999999999998,19.67737704918033,78.91,6,0,12,74.22
18135,2018,RANDOLPH,184.8,169.6,18,21.27393442622951,200.6,22.736451612903224,106.63,21.68606557377049,284.32,12,0,5,67.72999999999999
18135,2019,RANDOLPH,170.4,184.8,19,18.511311475409837,280.14,24.223548387096773,125.21,21.269180327868852,102.61,17,0,9,82.69999999999996
18135,2020,RANDOLPH,183.9,170.4,20,17.972295081967214,193.69,24.22064516129032,124.37,19.828360655737704,116.43,17,0,9,71.47
18135,2021,RANDOLPH,205,183.9,21,18.238032786885245,210.81,22.52064516129032,116.88,21.478360655737706,236.19,10,0,8,57.629999999999995
18137,2001,RIPLEY,160.6,142.6,1,19.147868852459016,243.78,23.039354838709677,191.3,20.71983606557377,247.1,12,0,8,61.81999999999999
18137,2002,RIPLEY,85.5,160.6,2,18.863114754098362,366.09000000000003,24.743870967741934,50.12,22.660983606557377,194.51,21,0,12,96.75000000000001
18137,2003,RIPLEY,126.7,85.5,3,17.82950819672131,268.21,22.734193548387097,162.84,20.495409836065573,229.04000000000002,7,0,15,80.67000000000002
18137,2004,RIPLEY,151.5,126.7,4,20.351639344262296,276.4,22.35258064516129,158.57,20.241967213114755,100.36999999999999,8,0,14,80.90999999999998
18137,2005,RIPLEY,149.6,151.5,5,18.741147540983608,130.75,24.09741935483871,82.97,22.553770491803277,277.42,18,0.03999999999999915,10,49.94
18137,2006,RIPLEY,152.6,149.6,6,18.042622950819673,246.01,23.97290322580645,106.55,20.54311475409836,253.35999999999999,14,0,11,50.28999999999999
18137,2007,RIPLEY,117.6,152.6,7,20.56081967213115,116.06,22.156451612903226,119.35,23.601803278688525,92.61,7,0,10,43.53999999999999
18137,2008,RIPLEY,131,117.6,8,18.463606557377048,368.77,22.780322580645162,119.17,21.027213114754097,105.53,9,0,16,94.15000000000003
18137,2009,RIPLEY,164,131,9,19.714754098360658,269.46,20.669032258064515,151.62,20.255573770491804,232.85000000000002,0,0,8,59.99000000000001
18137,2010,RIPLEY,135.6,164,10,20.875409836065575,340.49,24.717096774193546,84.58,22.387868852459018,64.6,21,0,9,84.27000000000001
18137,2011,RIPLEY,113,135.6,11,19.425245901639343,331.26,26.256129032258066,32.480000000000004,20.71639344262295,192.06,25,1.1800000000000068,11,81.71
18137,2012,RIPLEY,101.3,113,12,20.767868852459017,115.14,26.484516129032258,63.24,20.411803278688524,171,25,13.11000000000002,10,42.61
18137,2013,RIPLEY,170.2,101.3,13,19.780819672131148,266.56,22.42483870967742,90.9,20.92590163934426,128.97,10,0,13,60.44999999999999
18137,2014,RIPLEY,178.3,170.2,14,19.892295081967212,229.52,20.74225806451613,129.37,20.438032786885245,148.16,3,0,11,75.46000000000001
18137,2015,RIPLEY,158.7,178.3,15,20.421639344262296,244.75,22.91741935483871,206.95,20.86672131147541,115.48,11,0,11,106.11000000000001
18137,2016,RIPLEY,157.9,158.7,16,19.292459016393444,193.18,23.636451612903226,130.09,22.905409836065573,276.81,10,0,7,56.119999999999976
18137,2017,RIPLEY,185.9,157.9,17,18.78032786885246,355.61,23.445806451612903,150,20.30327868852459,137.67,6,0,9,71.37
18137,2018,RIPLEY,182.9,185.9,18,22.09967213114754,254.97,23.427096774193547,120.07,22.414918032786886,318.05,12,0,10,66.39000000000004
18137,2021,RIPLEY,173.3,178.4,21,18.751147540983606,280.83,23.183225806451613,154.56,22.01311475409836,181.94,10,0,11,84.53000000000003
18139,2001,RUSH,169.4,157.1,1,19.238360655737704,252.54999999999998,23.108709677419355,164.34,20.60934426229508,232.68,13,0,8,51.960000000000036
18139,2002,RUSH,111.6,169.4,2,18.64672131147541,296.1,24.607096774193547,45.83,22.535081967213113,156.1,23,0,9,78.97000000000001
18139,2003,RUSH,158.5,111.6,3,17.78,235.27,22.412258064516127,211.93,20.02918032786885,260.15,7,0,10,117.73000000000005
18139,2004,RUSH,179.3,158.5,4,20.01344262295082,297.03,22.05741935483871,138.63,19.946065573770493,107.79,8,0,14,67.37
18139,2005,RUSH,155,179.3,5,18.541639344262297,176.2,23.615806451612904,136.04,21.791639344262297,239.72,13,0,10,62.54
18139,2006,RUSH,152.5,155,6,17.851147540983607,299.11,23.815483870967743,143.89,19.737704918032787,209.88,14,0,7,73.74000000000001
18139,2007,RUSH,136.2,152.5,7,20.455573770491803,111.26,21.606451612903225,55.66,22.827213114754098,159.84,5,0,10,36.64
18139,2008,RUSH,171,136.2,8,17.99950819672131,366.47,22.400967741935485,146.98,20.49,103.54,7,0,16,117.56
18139,2009,RUSH,185,171,9,19.13360655737705,312.44,20.24774193548387,138.78,19.818688524590165,197.26999999999998,1,0,6,82.69
18139,2010,RUSH,151.4,185,10,20.41311475409836,395.96,24.298709677419353,76.85000000000001,21.778360655737703,59.9,19,0,9,96.18000000000004
18139,2011,RUSH,141.5,151.4,11,19.324918032786886,285.75,26.003870967741936,32.19,20.10065573770492,214.87,25,3.3300000000000054,12,74.21000000000001
18139,2012,RUSH,79.6,141.5,12,20.519180327868852,101.67999999999999,26.622258064516128,40.419999999999995,19.780819672131148,251.59,28,20.750000000000007,13,50.97
18139,2013,RUSH,193.6,79.6,13,19.652622950819673,168.91,22.023870967741935,66.05,20.478524590163936,113.48,9,0,13,37.72999999999999
18139,2014,RUSH,197.3,193.6,14,19.846065573770492,267.65999999999997,20.324193548387097,81.2,19.952295081967215,202.67000000000002,3,0,8,94.05
18139,2015,RUSH,169.7,197.3,15,20.211475409836066,290.81,22.392903225806453,169.12,20.547868852459015,130.62,7,0,7,76.53000000000003
18139,2016,RUSH,188.8,169.7,16,18.85360655737705,208.13,23.10225806451613,108.71,22.50655737704918,299.26,10,0,8,45.08000000000001
18139,2017,RUSH,185.4,188.8,17,18.424262295081967,322.23,23.046451612903226,228.18,20.021311475409835,108.39,6,0,10,92.160000000000025
18139,2018,RUSH,203.9,185.4,18,21.84393442622951,227.94,23.08483870967742,106.66,21.996721311475408,317.19,13,0,6,63.68000000000001
18139,2019,RUSH,180.2,203.9,19,18.914754098360657,293.09,24.418709677419354,96.07,22.021803278688523,83.14,20,0,9,110.05000000000001
18139,2020,RUSH,201.9,180.2,20,18.52377049180328,222.23,24.351290322580645,97.89,20.15967213114754,112.79,17,0,9,55.57
18139,2021,RUSH,197.2,201.9,21,18.626229508196722,272.9,22.770967741935483,208.73,21.68344262295082,163.01,9,0,20,98.92000000000002
18141,2001,ST. JOSEPH,139.3,128.7,1,17.72639344262295,213.75,22.00709677419355,113.47,19.319508196721312,190.92,14,0,9,60.51000000000005
18141,2002,ST. JOSEPH,125.1,139.3,2,16.82049180327869,200.45,24.186129032258066,81.06,20.871803278688525,107.46,17,0,11,92.36000000000001
18141,2003,ST. JOSEPH,140.1,125.1,3,16.07655737704918,216.14,21.59032258064516,154.26,19.49065573770492,178.41,5,0,6,97.97000000000003
18141,2004,ST. JOSEPH,157.5,140.1,4,17.737704918032787,282.54,21.399032258064516,109.47,18.791803278688526,195.67999999999998,6,0,4,90.55000000000001
18141,2005,ST. JOSEPH,147.2,157.5,5,18.18360655737705,93.75,23.366774193548387,121.18,21.033934426229507,175.51999999999998,19,0,10,44.94999999999999
18141,2006,ST. JOSEPH,157.5,147.2,6,17.024262295081968,165.95,23.393225806451614,203.41,18.74,182.7,9,0,7,73.589999999999975
18141,2007,ST. JOSEPH,149.1,157.5,7,19.57967213114754,118.17999999999999,21.813548387096773,129.96,20.958524590163933,315.34000000000003,7,0,8,63.24000000000001
18141,2008,ST. JOSEPH,144,149.1,8,17.041639344262293,176.83,22.441290322580645,73.53,19.717377049180328,346.7,9,0,9,32.129999999999995
18141,2009,ST. JOSEPH,166,144,9,17.7672131147541,214.6,19.753548387096775,63.91,19.07262295081967,181.51,0,0,7,59.96999999999999
18141,2010,ST. JOSEPH,159.4,166,10,18.728196721311477,294.93,23.738387096774193,101.64,20.58704918032787,93.39,15,0,9,55.539999999999964
18141,2011,ST. JOSEPH,153.1,159.4,11,18.217704918032787,281.08,24.650645161290324,92.18,18.934590163934427,182.51999999999998,16,1.730000000000004,8,84.33
18141,2012,ST. JOSEPH,133.9,153.1,12,19.608688524590164,98.86,25.9041935483871,126.03999999999999,18.87262295081967,163.45,22,14.769999999999996,12,57.48999999999998
18141,2013,ST. JOSEPH,157.9,133.9,13,18.53737704918033,214.96,21.640967741935484,56.45,19.378196721311475,158.29,7,0,8,58.38
18141,2014,ST. JOSEPH,160.8,157.9,14,18.378032786885246,317.90000000000003,19.73709677419355,58.300000000000004,19.177868852459017,205.79,1,0,7,76.95000000000002
18141,2015,ST. JOSEPH,151.5,160.8,15,18.464590163934428,299.55,21.188387096774193,134.58,20.09245901639344,172.5,6,0,14,63.03999999999999
18141,2016,ST. JOSEPH,149.2,151.5,16,17.71049180327869,197.27,22.67322580645161,79.72,21.610491803278688,354.24,14,0,13,49.400000000000006
18141,2017,ST. JOSEPH,178,149.2,17,17.349508196721313,191.61,22.013870967741937,116.73,19.181639344262294,120.8,4,0,6,51.38
18141,2018,ST. JOSEPH,164.2,178,18,20.056229508196722,298.58,22.514193548387098,91.76,20.99360655737705,190.59,10,0,8,80.17000000000002
18141,2019,ST. JOSEPH,147.8,164.2,19,16.934426229508198,299.99,23.62290322580645,79.86,20.39934426229508,211.56,13,0,8,49.19999999999999
18141,2020,ST. JOSEPH,167.7,147.8,20,18.00360655737705,192.23,24.03451612903226,68.09,19.601147540983607,135.41,16,0,16,81.83000000000001
18141,2021,ST. JOSEPH,163,167.7,21,17.84032786885246,290.26,22.309032258064516,73.02,21.57688524590164,181.39000000000001,10,0,11,132.63
18143,2001,SCOTT,151.3,154,1,20.01573770491803,221.85,24.166129032258066,126,21.44950819672131,240.82,18,0,8,49.36
18143,2002,SCOTT,123.6,151.3,2,19.655081967213114,311.26,25.35516129032258,57.22,23.45360655737705,195.04,26,0,12,81.05000000000003
18143,2003,SCOTT,143.9,123.6,3,18.697868852459017,254.29,23.53548387096774,177.9,21.250983606557377,225.52,8,0,16,83.55000000000001
18143,2004,SCOTT,137.5,143.9,4,21.504918032786886,344.21000000000004,23.12483870967742,174.66,20.821967213114753,96,12,0,14,130.93
18143,2005,SCOTT,132.3,137.5,5,19.85950819672131,171.13,24.563870967741934,61.6,23.338196721311476,253.96,21,0.14999999999999858,16,62.609999999999985
18143,2006,SCOTT,129,132.3,6,18.935409836065574,263.46999999999997,24.848709677419354,86.82,21.03655737704918,308.91,18,0,6,54.25
18143,2007,SCOTT,144.2,129,7,21.326065573770492,131.5,23.000645161290322,95.86,24.346065573770492,110.61,15,0,10,37.20000000000002
18143,2008,SCOTT,132,144.2,8,19.674262295081967,290.95,23.877741935483872,80.08,21.855409836065572,119.17999999999999,16,0,25,61.339999999999975
18143,2009,SCOTT,152,132,9,20.43245901639344,289.46,21.520967741935483,165.79999999999998,21.11639344262295,269.65,1,0,8,69.05000000000001
18143,2010,SCOTT,144.1,152,10,21.774426229508197,311.5,25.65838709677419,74.21,23.131475409836067,68.74,25,0,9,70.44
18143,2011,SCOTT,128.8,144.1,11,20.26016393442623,344.44,26.886451612903226,48.76,21.457377049180327,175.08,27,3.6200000000000045,9,87.99000000000001
18143,2012,SCOTT,107.5,128.8,12,21.738196721311475,134.89000000000001,27.320967741935483,78.59,21.275245901639344,224.15,27,27.080000000000005,10,52.78
18143,2013,SCOTT,164.5,107.5,13,20.56377049180328,278.09000000000003,23.22967741935484,93.71,21.846065573770492,135.60999999999999,12,0,8,83.01000000000002
18143,2014,SCOTT,190.7,164.5,14,21.036065573770493,211.42000000000002,21.880967741935482,123.9,21.28360655737705,172.96,8,0,10,72.4
18143,2015,SCOTT,167.8,190.7,15,21.090491803278688,261.24,24.031290322580645,235.81,21.691967213114754,96.89,15,0,11,113.5
18143,2016,SCOTT,142.2,167.8,16,20.252295081967212,197.7,24.913225806451614,139.31,23.768360655737705,247.62,18,0,6,68.23000000000002
18143,2017,SCOTT,166.9,142.2,17,19.853934426229507,348.57,24.53483870967742,127.11,21.198360655737705,164.5,17,0,10,75.81
18143,2018,SCOTT,180.2,166.9,18,22.961639344262295,280.09999999999997,24.26225806451613,126.92999999999999,23.21295081967213,385.09999999999997,15,0,11,61.15999999999997
18145,2001,SHELBY,158.2,154.1,1,19.689344262295084,230.33,23.370645161290323,158.35,20.741311475409837,218.94,15,0,8,57.00999999999996
18145,2002,SHELBY,121.9,158.2,2,18.91918032786885,310.31,25.16774193548387,52.22,22.849672131147543,176.01000000000002,23,0,9,85.29999999999998
18145,2003,SHELBY,154.7,121.9,3,18.204426229508197,246.53,22.87451612903226,175.01,20.229508196721312,250.6,7,0,10,87.39000000000004
18145,2004,SHELBY,170.6,154.7,4,20.46344262295082,293.15,22.51290322580645,140.22,20.43672131147541,103.71000000000001,10,0,14,72.18999999999998
18145,2005,SHELBY,147.3,170.6,5,19.05639344262295,174.79,24.071612903225805,147.69,22.111639344262294,250.66,17,0,10,60.39
18145,2006,SHELBY,150.4,147.3,6,18.335573770491802,304.46999999999997,24.037096774193547,147.59,20.14049180327869,221.42,16,0,7,70.24000000000001
18145,2007,SHELBY,127.8,150.4,7,20.978196721311477,99.64,22.14774193548387,58.16,23.278196721311474,126.88,7,0,12,27.340000000000003
18145,2008,SHELBY,153,127.8,8,18.43672131147541,399.89,22.955161290322582,152.41,20.871639344262295,116.39999999999999,12,0,16,143.17
18145,2009,SHELBY,177,153,9,19.63622950819672,308.17,20.63741935483871,154.01999999999998,20.202295081967215,195.77,1,0,6,87.88999999999999
18145,2010,SHELBY,139.7,177,10,20.871803278688525,387.09,24.806774193548385,75.91,22.14950819672131,45.38,20,0,9,94.74000000000001
18145,2011,SHELBY,116.6,139.7,11,19.66262295081967,311.26,26.59741935483871,22.31,20.554262295081966,196.29999999999998,26,5.520000000000003,16,68.96000000000001
18145,2012,SHELBY,62.4,116.6,12,21.188032786885245,89.97,27.261290322580646,26.2,20.30262295081967,245.37,29,24.310000000000024,10,49.42
18145,2013,SHELBY,178.8,62.4,13,20.168196721311475,188.33,22.59774193548387,67.51,21.03983606557377,112.52,9,0,13,39.00999999999999
18145,2014,SHELBY,187.9,178.8,14,20.2,240.26,20.796451612903226,106.17,20.270491803278688,153.51,3,0,7,77.73
18145,2015,SHELBY,157.2,187.9,15,20.588032786885247,262.26,22.891612903225806,220.19,21.01590163934426,98.91,10,0,7,95.40000000000003
18145,2016,SHELBY,165,157.2,16,19.50311475409836,187.12,23.578387096774193,149.44,22.826065573770492,289.75,11,0,8,59.34
18145,2017,SHELBY,178.7,165,17,19.10360655737705,303.34,23.696774193548386,182.96,20.505737704918033,100.03,9,0,10,85.32999999999998
18145,2018,SHELBY,194.3,178.7,18,22.35983606557377,231.64,23.536451612903225,100.28,22.33737704918033,273.40999999999997,14,0,6,62.150000000000006
18145,2019,SHELBY,163.5,194.3,19,19.481803278688524,289.37,24.975483870967743,105.08,22.334426229508196,117.7,23,0,9,100.94000000000003
18145,2020,SHELBY,191,163.5,20,19.05967213114754,222.89,24.614516129032257,104.71,20.444590163934425,139.72,19,0,10,60.49000000000001
18145,2021,SHELBY,189.1,191,21,18.905573770491802,286.74,23.12451612903226,211.07,21.966065573770493,190.65,10,0,10,95.089999999999975
18147,2001,SPENCER,146.2,144.9,1,20.874426229508195,209.47,25.12,116.57,22.36672131147541,182.52,21,0.13000000000000256,7,70.13999999999996
18147,2002,SPENCER,83,146.2,2,20.757540983606557,264.29,26.499354838709678,47.239999999999995,24.08,200.5,27,0.490000000000002,12,87.17999999999999
18147,2003,SPENCER,139.4,83,3,19.39,277.45,24.77193548387097,93.92999999999999,22.008852459016392,190.72,20,0,15,78.53
18147,2004,SPENCER,129.6,139.4,4,22.042131147540985,307.7,23.97064516129032,122.88000000000001,21.58065573770492,109.05,12,0,15,112.21999999999998
18147,2005,SPENCER,135.4,129.6,5,20.679016393442623,160.42999999999998,25.161935483870966,101.17999999999999,24.055081967213116,226.33,21,0.2700000000000031,16,66.75
18147,2006,SPENCER,136,135.4,6,20.162131147540983,286.38,25.278709677419354,155.42,21.73311475409836,404.71000000000004,21,0,10,97.82
18147,2007,SPENCER,152.8,136,7,22.118196721311474,118.83,23.941612903225806,109.94000000000001,24.961967213114754,98.08,17,0,11,43.120000000000005
18147,2008,SPENCER,145,152.8,8,20.520655737704917,249.67999999999998,24.601935483870967,99.53999999999999,22.682295081967215,60.51,18,0,24,58.79
18147,2009,SPENCER,177,145,9,21.396229508196722,231.31,22.519354838709678,179.58,21.90622950819672,197.62,5,0,7,68.089999999999975
18147,2010,SPENCER,139.8,177,10,22.918196721311475,217.85,26.179354838709678,134.56,23.91950819672131,43.68,27,0,9,105.89
18147,2011,SPENCER,132.6,139.8,11,21.018688524590164,352.72,27.026129032258066,112.44,21.90573770491803,172.24,28,2.3799999999999955,11,115.84
18147,2012,SPENCER,69.8,132.6,12,22.6072131147541,122.08,28.196774193548386,75.47,21.97098360655738,233.67,30,44.45999999999999,10,46.690000000000005
18147,2013,SPENCER,184.7,69.8,13,21.065245901639344,246.99,23.58774193548387,100.39999999999999,22.36344262295082,141.73,13,0,13,52.36
18147,2014,SPENCER,174,184.7,14,21.59934426229508,204.71,22.586129032258064,58.62,22.035245901639342,170.77,10,0,11,70.04
18147,2015,SPENCER,163.7,174,15,21.922459016393443,290.49,25.536774193548386,163.45,22.439836065573772,95.14,18,0,11,120.83
18147,2016,SPENCER,149.1,163.7,16,20.754590163934427,202.63,25.21451612903226,215.43,23.791311475409834,140.84,20,0,10,135.58
18147,2017,SPENCER,196.3,149.1,17,20.665901639344263,221.25,25.156129032258065,114.91,21.42606557377049,199.32,20,0.14999999999999858,9,70.89999999999999
18147,2020,SPENCER,182.7,158.3,20,20.036229508196723,295.38,25.61,115.29,21.508852459016392,234.68,24,0,10,85.63999999999999
18147,2021,SPENCER,187.9,182.7,21,20.27622950819672,165.27,24.701290322580647,136.4,22.944754098360654,233.38,16,0,12,75.43
18149,2001,STARKE,126.1,133,1,18.198360655737705,227.01,22.338387096774195,108.68,19.57918032786885,184.02,15,0,9,51.94
18149,2002,STARKE,114.7,126.1,2,17.348852459016392,178.84,24.495806451612903,73.61999999999999,20.945081967213113,112.07,20,0.03999999999999915,12,79.44
18149,2003,STARKE,120.1,114.7,3,16.372131147540983,223.42,21.81064516129032,234.76999999999998,19.658360655737706,156.62,6,0,12,147.94000000000003
18149,2004,STARKE,154.3,120.1,4,18.179016393442623,253.17,21.601290322580645,113.33,18.817540983606555,237.94,6,0,7,70.1
18149,2005,STARKE,137.2,154.3,5,18.49360655737705,86.01,23.67,99.08999999999999,21.332295081967214,217.12,18,0,11,35
18149,2006,STARKE,154.1,137.2,6,17.252295081967212,186.13,23.536774193548386,132.8,19.051803278688524,237.99,11,0,7,59.49999999999999
18149,2007,STARKE,147.8,154.1,7,19.729180327868853,136.60999999999999,21.601935483870967,129.68,21.085573770491802,291.79,5,0,8,59.29999999999998
18149,2008,STARKE,140,147.8,8,17.211475409836066,208.95,22.256129032258066,61.339999999999996,19.78032786885246,353.88,8,0,8,40.05
18149,2009,STARKE,134,140,9,18.168852459016392,172.87,19.874193548387098,61.7,19.204918032786885,127.21,0,0,8,63.25
18149,2010,STARKE,149.5,134,10,19.34426229508197,307.03999999999996,23.96709677419355,129.23,20.84655737704918,120.91,16,0,9,62.19999999999999
18149,2011,STARKE,136.9,149.5,11,18.498524590163935,273.41,24.89774193548387,131.69,19.084590163934426,173.26,21,3.3000000000000043,8,86.89
18149,2012,STARKE,99.7,136.9,12,20.068524590163936,129.64000000000001,25.9,88.47,19.135245901639344,142.52,23,15.809999999999995,6,38.91
18149,2013,STARKE,161.7,99.7,13,18.83311475409836,310.87,21.669032258064515,60.559999999999995,19.581475409836067,172.01,8,0,8,87.66999999999999
18149,2014,STARKE,156.3,161.7,14,18.712131147540983,283.44,19.813225806451612,57.35,19.304590163934428,344.15,3,0,7,72.73999999999998
18149,2015,STARKE,97.6,156.3,15,18.778360655737703,390.67,21.52225806451613,131.2,20.39704918032787,173.48,6,0,14,90.99999999999997
18149,2016,STARKE,142.7,97.6,16,18.246557377049182,179.94,22.913870967741936,93.35,21.95393442622951,395.05,14,0,13,42.62
18149,2017,STARKE,171.8,142.7,17,17.6627868852459,221.91,22.377741935483872,179.89,19.364918032786886,104.2,6,0,6,90.31
18149,2020,STARKE,156.8,147.7,20,18.291967213114756,200.54999999999998,24.096774193548388,70.11,19.66377049180328,114.27,16,0,16,80.98
18151,2001,STEUBEN,123.9,134.3,1,17.42737704918033,210.5,21.558064516129033,65,18.751475409836065,189.46,12,0,10,47.16000000000001
18151,2002,STEUBEN,91.8,123.9,2,16.374918032786884,185.45000000000002,23.733225806451614,72.02,20.516557377049182,111.1,19,0,12,77.53999999999999
18151,2003,STEUBEN,146.5,91.8,3,15.912131147540984,215.26,21.295483870967743,172.96,18.789180327868852,294.05,3,0,5,99.96000000000004
18151,2004,STEUBEN,144.2,146.5,4,17.455081967213115,303.84999999999997,20.893548387096775,154.97,18.612295081967215,118.52000000000001,2,0,4,99.88999999999999
18151,2005,STEUBEN,149.5,144.2,5,17.458360655737703,101.29,22.856451612903225,174.93,20.521475409836064,139.86,12,0,9,58.26000000000002
18151,2006,STEUBEN,148.8,149.5,6,16.69360655737705,212.56,22.63774193548387,170.2,18.472131147540985,147.47,6,0,7,84.05999999999999
18151,2007,STEUBEN,126.9,148.8,7,18.63770491803279,83.59,21.25483870967742,99.78999999999999,20.196393442622952,326.28000000000003,8,0,7,52.85000000000001
18151,2008,STEUBEN,114,126.9,8,16.601311475409837,173.14000000000001,21.433225806451613,109.46,19.63016393442623,178.67000000000002,6,0,13,54.879999999999995
18151,2009,STEUBEN,140,114,9,17.125081967213113,215.2,19,56.36,18.514262295081966,158.73,0,0,8,53.18000000000001
18151,2010,STEUBEN,134.1,140,10,18.591147540983606,324.53,23.239354838709676,70.06,19.97,126.83,15,0,9,74.45000000000002
18151,2011,STEUBEN,120.1,134.1,11,18.025737704918033,253.88,24.427096774193547,83.79,18.83081967213115,238.66,19,1.230000000000004,11,98.58
18151,2012,STEUBEN,87.4,120.1,12,19.422786885245902,56.22,25.21548387096774,77.42999999999999,18.578688524590163,171.98,22,15.830000000000005,12,45.24999999999999
18151,2017,STEUBEN,160,147.6,17,17.161311475409835,243.19,21.815806451612904,77.69999999999999,19.261967213114755,108.97,5,0,10,67.71
18151,2018,STEUBEN,150,160,18,19.465081967213116,340.45,22.463548387096775,43.55,20.768032786885247,197.10999999999999,11,0,20,70.76000000000005
18151,2021,STEUBEN,176,145.6,21,17.407868852459018,243.29999999999998,21.935483870967744,130.09,20.827213114754098,211.66,8,0,11,77.10999999999999
18153,2001,SULLIVAN,157.1,160.1,1,20.288852459016393,216.46,24.244193548387095,155.70999999999998,21.584098360655737,132.33,18,0,11,74.92
18153,2002,SULLIVAN,117.2,157.1,2,19.83573770491803,317.98,26.094516129032257,56.42,23.287704918032787,145.29,25,2.0100000000000122,13,128.00000000000003
18153,2003,SULLIVAN,155.1,117.2,3,18.654590163934426,220.26,24.12322580645161,156.73,21.081639344262296,252.11,13,0,15,94.36000000000001
18153,2004,SULLIVAN,180.5,155.1,4,20.98393442622951,222.44,22.95774193548387,188.1,20.69934426229508,122.06,8,0,18,90.87
18153,2005,SULLIVAN,159.2,180.5,5,19.845901639344262,167.71,24.59774193548387,104.04,23.235737704918034,223.44,20,0.6799999999999997,13,83.71000000000001
18153,2006,SULLIVAN,155.7,159.2,6,19.62262295081967,215.52,24.976774193548387,80.03,21.17754098360656,255.8,17,0,7,47.34
18153,2007,SULLIVAN,163.6,155.7,7,21.76590163934426,209.41,22.936451612903227,61.269999999999996,24.120983606557377,116.62,13,0,11,86.88999999999999
18153,2008,SULLIVAN,164,163.6,8,19.468032786885246,503.54,24.038387096774194,132.67,21.66262295081967,144.63,18,0,16,181.81
18153,2009,SULLIVAN,167,164,9,20.575901639344263,362.46,21.772903225806452,109.84,21.072131147540983,150.91,3,0,12,90.69999999999999
18153,2010,SULLIVAN,159.2,167,10,21.78065573770492,337.71999999999997,25.63064516129032,128.34,23.16426229508197,60.47,24,0,10,86.70999999999998
18153,2011,SULLIVAN,155.2,159.2,11,20.564098360655738,298.74,26.845806451612905,94.77,21.51,145.97,27,4.390000000000015,11,62.83
18153,2015,SULLIVAN,163,196,15,21.085081967213114,292.28,24.267741935483873,91.1,22.02622950819672,108.85,16,0,11,85.19
18153,2016,SULLIVAN,164.1,163,16,20.570983606557377,202.79999999999998,24.636129032258065,148.14000000000001,23.5527868852459,244.08,17,0,8,82.84
18153,2017,SULLIVAN,179.9,164.1,17,20.248688524590165,219.37,25.030645161290323,126.23,21.784590163934425,67.81,19,0.30000000000000426,8,88.12
18153,2018,SULLIVAN,187.3,179.9,18,23.91918032786885,293.3,25.02064516129032,90.85,23.58573770491803,276.1,22,0.1700000000000017,7,133.62
18153,2019,SULLIVAN,164.8,187.3,19,20.58672131147541,370.2,25.45064516129032,134.71,23.208360655737707,138.58,21,0,7,103.90000000000003
18153,2020,SULLIVAN,182.9,164.8,20,19.945573770491805,190.23,25.675483870967742,190.37,21.512295081967213,84.11,26,0,17,72.62
18153,2021,SULLIVAN,193.8,182.9,21,20.28,211.98,24.45193548387097,149.76,23.188360655737704,172.28,14,0,7,53.79000000000002
18155,2009,SWITZERLAND,153,105,9,20.25032786885246,261.94,21.26774193548387,182.78,20.784098360655737,212.78,0,0,8,74.78999999999996
18155,2010,SWITZERLAND,136.3,153,10,21.216065573770493,341.31,25.126129032258063,91.02,22.74655737704918,45.589999999999996,23,0,9,81.3
18155,2011,SWITZERLAND,112.7,136.3,11,19.94606557377049,343.79,26.80774193548387,53.18,21.37311475409836,237.9,26,2.1300000000000097,9,75.85000000000001
18155,2012,SWITZERLAND,63.2,112.7,12,21.188524590163933,129.94,26.895806451612902,54.989999999999995,21.26360655737705,196.64,26,18.750000000000007,10,37.6
18155,2015,SWITZERLAND,158.2,164.1,15,20.911803278688524,234.38,23.705483870967743,178.60999999999999,21.54590163934426,125.02,13,0,11,93.75
18155,2016,SWITZERLAND,158.2,158.2,16,20.106229508196723,222.05,25.086129032258064,143.13,24.204590163934427,217.1,15,0,7,57.99000000000001
18155,2017,SWITZERLAND,170.9,158.2,17,19.758852459016392,354,24.643548387096775,145.12,21.091967213114753,186.94,12,0,9,75.24000000000001
18155,2018,SWITZERLAND,178,170.9,18,23.03950819672131,282.98,24.569032258064517,108.66999999999999,23.56967213114754,376.04,16,0,12,73.38
18155,2019,SWITZERLAND,122.2,178,19,20.491639344262296,352.15,25.560967741935485,114.02,23.882295081967214,71.94,25,0,6,133.1
18155,2020,SWITZERLAND,182.2,122.2,20,19.457868852459015,241.44,25.961290322580645,134.29,21.764098360655737,161.84,24,0,7,79.55000000000001
18155,2021,SWITZERLAND,174,182.2,21,19.331311475409837,269.85,24.073548387096775,167.5,22.664754098360657,184.68,11,0,11,75.76000000000002
18157,2001,TIPPECANOE,157.5,139.7,1,19.211803278688524,158.85,22.841290322580644,139.8,20.027213114754097,166.53,15,0,8,56.56
18157,2002,TIPPECANOE,147.7,157.5,2,18.50360655737705,243.23000000000002,24.616129032258065,97.42,21.288524590163934,195.93,22,0,11,69.28
18157,2003,TIPPECANOE,156.4,147.7,3,17.582295081967214,232.75,22.385806451612904,231.4,20.033934426229507,311.18,9,0,11,130.44
18157,2004,TIPPECANOE,169.7,156.4,4,19.421639344262296,373.63,21.783548387096776,115.89999999999999,19.655081967213114,108.03,4,0,7,163.06999999999996
18157,2005,TIPPECANOE,169.8,169.7,5,19.14295081967213,130.10999999999999,23.291290322580647,168.56,21.98,197.09,11,0,8,70.95999999999998
18157,2006,TIPPECANOE,164.3,169.8,6,18.151803278688526,203.91,24.13258064516129,123.72999999999999,19.667540983606557,186.7,14,0,7,66.80000000000001
18157,2007,TIPPECANOE,159.9,164.3,7,20.574918032786886,152.33,21.655483870967743,65.54,22.368360655737703,156.29999999999998,5,0,7,46.06000000000002
18157,2008,TIPPECANOE,180,159.9,8,18.07393442622951,287.32,22.668709677419354,136.48000000000002,20.20327868852459,147.16,8,0,8,79.52999999999999
18157,2009,TIPPECANOE,179,180,9,19.18409836065574,296.15,20.47258064516129,73.36,19.731147540983606,95.98,0,0,11,97.34
18157,2010,TIPPECANOE,175.1,179,10,20.521147540983605,376.51,24.30677419354839,112.59,21.571803278688524,116.25,16,0,9,80.50999999999999
18157,2011,TIPPECANOE,160.2,175.1,11,19.595245901639345,288.32,25.803870967741936,77.56,19.985409836065575,205.44,23,3.3000000000000043,15,92.88999999999999
18157,2012,TIPPECANOE,112,160.2,12,20.998032786885247,110.7,26.501612903225805,26.2,19.742459016393443,270.86,28,19.130000000000003,7,34.980000000000004
18157,2013,TIPPECANOE,185.1,112,13,19.681475409836064,193.1,21.907096774193548,88.01,20.347377049180327,139.85999999999999,7,0,9,56.67000000000001
18157,2014,TIPPECANOE,206.6,185.1,14,19.574590163934428,232.96,19.914193548387097,100.66999999999999,19.426393442622953,259.02,0,0,8,74.54
18157,2015,TIPPECANOE,147.9,206.6,15,19.610819672131147,343.40999999999997,22.00258064516129,188.21,20.671475409836066,117.37,4,0,6,100.60000000000002
18157,2018,TIPPECANOE,201.1,180.3,18,21.812131147540985,249.35,22.691935483870967,75.21,21.722295081967214,242.51,9,0,6,74.12
18157,2019,TIPPECANOE,180.4,201.1,19,18.578688524590163,250.2,24.381290322580647,76.7,21.323442622950818,142.89,18,0,9,59
18157,2020,TIPPECANOE,207.1,180.4,20,18.888688524590165,173.19,24.346129032258066,102.46000000000001,19.92590163934426,126.92,17,0,10,55.790000000000006
18157,2021,TIPPECANOE,207.2,207.1,21,19.09229508196721,253.02,22.936451612903227,129.25,22.118032786885244,151.25,11,0,11,65.26
18159,2001,TIPTON,173.1,158.6,1,18.82295081967213,196.08,22.55741935483871,133.26,19.777377049180327,185.81,14,0,8,48.06
18159,2002,TIPTON,137.5,173.1,2,18.23049180327869,211.54999999999998,24.60258064516129,63.089999999999996,21.617377049180327,182.26999999999998,21,0,10,64.59
18159,2003,TIPTON,146.5,137.5,3,17.392131147540983,260.66,22.293548387096774,305.9,20.06639344262295,298.76,8,0,11,217
18159,2004,TIPTON,180.8,146.5,4,19.621639344262295,281.6,21.68258064516129,110.52,19.70327868852459,165.04,6,0,7,107.47000000000001
18159,2005,TIPTON,166.8,180.8,5,18.694754098360654,136.75,23.318709677419356,126.34,21.658032786885247,214.05,12,0,8,53.59000000000001
18159,2006,TIPTON,177.1,166.8,6,17.668196721311475,268.38,23.744516129032256,96.73,19.637868852459015,231.17000000000002,13,0,7,66.25999999999999
18159,2007,TIPTON,179,177.1,7,20.171147540983608,131.60999999999999,21.350322580645162,54.620000000000005,21.960819672131148,186.04,3,0,7,45.989999999999995
18159,2008,TIPTON,184,179,8,17.71950819672131,310.11,22.336774193548386,111.62,20.185737704918033,120.8,9,0,16,69.75
18159,2009,TIPTON,186,184,9,18.798852459016395,263.92,20.161935483870966,58.62,19.531803278688525,115.33999999999999,1,0,6,73.6
18159,2010,TIPTON,181.6,186,10,20.018032786885247,418.9,23.894193548387097,97.63000000000001,21.312295081967214,108.50999999999999,15,0,9,97.47000000000003
18159,2011,TIPTON,165.5,181.6,11,19.244098360655737,302.03000000000003,25.52225806451613,41.879999999999995,19.51327868852459,232.55,24,2.4299999999999926,11,70.99000000000001
18159,2012,TIPTON,157.9,165.5,12,20.371967213114754,102.85,26.05774193548387,73.46,19.43672131147541,259.5,26,12.219999999999999,6,44.91999999999999
18159,2013,TIPTON,191.2,157.9,13,19.62344262295082,256.68,21.844516129032257,50.1,20.19934426229508,131.92000000000002,7,0,13,77.65
18159,2014,TIPTON,214.9,191.2,14,19.263770491803278,246.85999999999999,19.80741935483871,65.03,19.553770491803277,247.6,1,0,8,91.81
18159,2015,TIPTON,173.4,214.9,15,19.42967213114754,422.98,21.965806451612902,114.86,20.65967213114754,119.17999999999999,4,0,6,90
18159,2016,TIPTON,198.5,173.4,16,18.64967213114754,226.29,22.813225806451612,91.82000000000001,22.275901639344262,216.62,11,0,11,51.139999999999986
18159,2017,TIPTON,172.7,198.5,17,18.328032786885245,364.44,22.904193548387095,189.67999999999998,19.79360655737705,92.98,6,0,12,93.84
18159,2018,TIPTON,215.5,172.7,18,21.569508196721312,212.45,22.796774193548387,85.42,21.660655737704918,343.59000000000003,12,0,6,90.18
18159,2019,TIPTON,172.3,215.5,19,18.452622950819674,247.13,24.74225806451613,66.18,21.272950819672133,117.83,20,0,9,52.44999999999999
18159,2020,TIPTON,216.7,172.3,20,18.260983606557378,230.16,24.096774193548388,127.61999999999999,19.908032786885247,96.39,16,0,10,76.93
18159,2021,TIPTON,224.8,216.7,21,18.561311475409838,199.43,22.716774193548385,156.95000000000002,21.653934426229508,196.13,11,0,10,76.65000000000003
18161,2001,UNION,168,160.5,1,18.865737704918033,260.14,22.837096774193547,176.9,20.289016393442623,219.87,12,0,8,70.86000000000001
18161,2002,UNION,103.9,168,2,18.524918032786886,283.27,24.731290322580644,33.87,22.599836065573772,175.47,24,0,9,69.63000000000001
18161,2003,UNION,154.2,103.9,3,17.620819672131148,308.53,22.41483870967742,237.26,20.21311475409836,236.85,7,0,10,141.08999999999997
18161,2004,UNION,185,154.2,4,19.965409836065575,273.63,22.266451612903225,109.65,20.042950819672132,95.23,12,0,14,63.31999999999999
18161,2005,UNION,169.1,185,5,18.381311475409834,187.39,23.712258064516128,105.45,22.087704918032788,235.26,14,0.14000000000000057,10,71.71
18161,2006,UNION,171.2,169.1,6,17.761147540983607,263.98,23.76516129032258,173.96,20.068688524590165,210.59,14,0,11,56.51999999999998
18161,2007,UNION,144.8,171.2,7,20.384918032786885,118.5,21.76483870967742,64.27,22.88622950819672,137.69,6,0,10,37.58
18161,2008,UNION,164,144.8,8,17.97327868852459,319.83,22.321612903225805,110.85000000000001,20.848524590163933,76.88000000000001,9,0,16,90.88
18161,2009,UNION,196,164,9,19.08639344262295,242.43,20.311612903225807,113.49,20.074590163934428,176.05,1,0,8,57.99000000000001
18161,2010,UNION,176.4,196,10,20.444918032786884,353.08,24.323225806451614,73.95,21.684426229508198,66.44,20,0,9,81.47999999999999
18161,2011,UNION,141.2,176.4,11,19.06377049180328,248.62,26.173870967741937,30.34,20.299180327868854,225.55,27,4.290000000000006,12,66.81
18161,2012,UNION,91.7,141.2,12,20.584590163934426,109.95,26.43,63.83,19.79983606557377,223.54,28,14.310000000000002,6,47.54
18161,2013,UNION,211.5,91.7,13,19.641311475409836,215.78,22.393548387096775,90.55,20.375245901639346,126.95,9,0,12,43.70000000000002
18161,2014,UNION,200,211.5,14,19.665245901639345,283.41,20.493870967741934,81.44,20.061967213114755,170.01,3,0,10,81.17999999999999
18161,2015,UNION,174,200,15,20.16688524590164,287.92,22.758064516129032,142.23,20.777540983606556,105.60000000000001,9,0,5,76.46000000000001
18161,2016,UNION,177.1,174,16,19.074918032786886,187.97,23.56935483870968,109.86,22.702950819672132,291.6,12,0,10,38.02000000000001
18161,2017,UNION,181,177.1,17,18.438852459016392,345.81,23.090967741935483,191.68,20.154918032786885,125.17999999999999,6,0,9,74.63
18161,2018,UNION,203.9,181,18,21.955245901639344,213.78,23.333870967741934,116.22,22.355901639344264,292.56,14,0,10,69.66999999999999
18161,2019,UNION,178.7,203.9,19,18.91344262295082,302.81,24.216129032258063,92.34,21.791639344262297,81.07,22,0,7,117.44999999999999
18161,2020,UNION,208.9,178.7,20,18.40590163934426,222.10999999999999,24.666451612903227,114.06,20.28688524590164,106.4,22,0,6,64.68
18161,2021,UNION,207.8,208.9,21,18.325901639344263,304.3,22.84258064516129,133.86,21.741967213114755,172.28,10,0,8,85.51000000000002
18163,2001,VANDERBURGH,167.6,158.8,1,21.252131147540982,176.85,25.495483870967742,141.17,22.51737704918033,195.46,22,0.17999999999999972,7,67.04999999999998
18163,2002,VANDERBURGH,110.9,167.6,2,21.06606557377049,241.78,27.063225806451612,69.14,24.704590163934427,176.4,28,0.3200000000000003,12,75.57000000000001
18163,2003,VANDERBURGH,142,110.9,3,19.695901639344264,291.06,25.32516129032258,92.88,22.46704918032787,145.25,23,0,13,85.18
18163,2004,VANDERBURGH,161.7,142,4,22.181803278688523,273.24,24.201612903225808,153.88,21.8927868852459,103.7,13,0,14,101.56000000000002
18163,2005,VANDERBURGH,155.4,161.7,5,21.014426229508196,165.16,25.5841935483871,88.41,24.62672131147541,281.40000000000003,22,0.5499999999999972,16,86.48
18163,2006,VANDERBURGH,150.7,155.4,6,20.738524590163934,226.05,25.799032258064518,171.64,22.182786885245903,396.87,21,0.09000000000000341,6,116.00000000000003
18163,2007,VANDERBURGH,149.8,150.7,7,22.738196721311475,146.01,24.705483870967743,61.02,25.664590163934427,104.56,21,0,8,42.980000000000004
18163,2008,VANDERBURGH,154,149.8,8,20.97393442622951,254.27,25.195806451612903,107.13,23.125245901639346,60.65,19,0.00999999999999801,14,68.39
18163,2009,VANDERBURGH,178,154,9,21.95639344262295,235.99,23.188709677419354,160.87,22.377868852459017,197.8,9,0,7,47.08000000000004
18163,2010,VANDERBURGH,143,178,10,23.359180327868852,171.03,26.9158064516129,112.29,24.644098360655736,37.31,28,1.0800000000000054,9,73.31
18163,2011,VANDERBURGH,149,143,11,21.4,352.15999999999997,27.83290322580645,178.56,22.610819672131147,220.27,30,6.030000000000001,11,124.51
18163,2012,VANDERBURGH,60.4,149,12,23.21967213114754,70.22,29.01225806451613,50.37,22.511967213114755,262.4,31,56.02999999999998,10,40.50000000000001
18163,2013,VANDERBURGH,179.7,60.4,13,21.315245901639344,255.92,24.316129032258065,121.36,23.06655737704918,106.58,15,0,13,68.78
18163,2014,VANDERBURGH,188,179.7,14,22.19049180327869,189.75,23.099354838709676,91.56,22.814918032786885,179.96,11,0,11,66.98
18163,2015,VANDERBURGH,166.4,188,15,22.208196721311474,292.69,25.870322580645162,150.79,22.96295081967213,122.2,19,0,11,123.24000000000001
18163,2016,VANDERBURGH,154,166.4,16,21.381803278688526,194.99,25.815806451612904,207.72,24.34918032786885,161.25,22,0,5,134.05
18163,2017,VANDERBURGH,194,154,17,21.382950819672132,187.18,26.1658064516129,117.04,22.365737704918033,140.87,24,1.230000000000011,9,61.46
18163,2018,VANDERBURGH,179.6,194,18,24.151311475409837,340.22,25.63967741935484,71.00999999999999,24.270655737704917,237.72,23,0.1600000000000037,10,107.16
18163,2019,VANDERBURGH,167.6,179.6,19,21.485901639344263,344.43,25.848064516129032,101.21,24.556065573770493,133.57999999999998,24,0,8,80.6
18163,2020,VANDERBURGH,204.7,167.6,20,20.594426229508198,333.49,26.67290322580645,170.34,22.458524590163936,183.09,26,0,7,142.44
18163,2021,VANDERBURGH,217.2,204.7,21,20.834754098360655,142.4,25.287419354838708,125.46,23.75901639344262,192.23,19,0,10,64.33000000000001
18165,2001,VERMILLION,160.6,153.7,1,19.658032786885247,177.47,23.64032258064516,193.56,20.86409836065574,140.9,16,0,12,85.41999999999999
18165,2002,VERMILLION,120.1,160.6,2,19.188688524590162,291.68,25.556129032258063,80.86,22.40606557377049,156.99,23,1.2000000000000028,11,90.86
18165,2003,VERMILLION,160.1,120.1,3,18.179016393442623,210,23.410645161290322,199.26999999999998,20.57295081967213,280.83,12,0,15,120.50999999999999
18165,2004,VERMILLION,170.5,160.1,4,20.49098360655738,248.25,22.583870967741934,95.45,20.334754098360655,102.82,7,0,8,55.69
18165,2005,VERMILLION,160.9,170.5,5,19.54688524590164,126.31,24.326451612903227,114.54,22.49983606557377,229.16,19,0.6200000000000045,8,53.88000000000001
18165,2006,VERMILLION,170.3,160.9,6,19.004426229508198,212.49,24.639032258064518,132.92,20.518360655737705,161.46,15,0,7,57.949999999999996
18165,2007,VERMILLION,177,170.3,7,21.43901639344262,145.49,22.445806451612903,89.61,23.298196721311477,153.64,10,0,9,59.03999999999999
18165,2008,VERMILLION,156,177,8,18.817868852459014,427.27,23.363548387096774,135.43,20.715901639344263,166.96,13,0,15,184.1
18165,2009,VERMILLION,175,156,9,19.784754098360654,294.86,21.00032258064516,109.15,20.209344262295083,137.62,1,0,11,99.09
18165,2010,VERMILLION,161.7,175,10,21.047704918032785,340.52,25.17516129032258,146.88,22.478196721311477,77.17,20,0,9,89.95999999999998
18165,2011,VERMILLION,152.4,161.7,11,19.884918032786885,254.81,26.34967741935484,59.74,20.678032786885247,114.71,27,5.920000000000009,16,78.38
18165,2012,VERMILLION,86.3,152.4,12,21.278032786885245,78.96,27.410967741935483,11,20.465737704918034,234.79,30,39.68,20,32.33
18165,2013,VERMILLION,185.6,86.3,13,20.024262295081968,219.56,22.36774193548387,108.36,21.150983606557375,69.89,8,0,17,64.89
18165,2014,VERMILLION,213.6,185.6,14,20.204590163934427,272.59,20.79064516129032,87.34,20.36655737704918,197.31,2,0,11,76.51000000000002
18165,2015,VERMILLION,156.3,213.6,15,20.470655737704917,373.87,23.07,81.47,21.46704918032787,120.36,9,0,11,75.53000000000003
18165,2016,VERMILLION,197.5,156.3,16,19.939836065573772,211.87,23.976129032258065,167.94,23.061147540983608,225.57,15,0,14,61.620000000000005
18165,2017,VERMILLION,188,197.5,17,19.444754098360654,253.54,24.04290322580645,105.41,20.775737704918033,68.72,16,0,6,81.33
18165,2018,VERMILLION,197.5,188,18,22.584918032786884,260.51,23.268387096774195,95.89,22.37032786885246,279.96,13,0,6,94.55000000000001
18165,2019,VERMILLION,167.4,197.5,19,19.11606557377049,258.84,24.70806451612903,53.48,22.008852459016392,157.52,19,0,9,83.00999999999999
18165,2020,VERMILLION,188.8,167.4,20,18.92639344262295,236.9,24.47935483870968,153.61999999999998,20.396229508196722,71.8,18,0,13,67.75999999999999
18165,2021,VERMILLION,195.9,188.8,21,19.25639344262295,293.8,23.425806451612903,117.23,22.426557377049182,162.4,12,0,11,87.07
18167,2001,VIGO,148.7,147.4,1,20.014098360655737,226.93,23.822258064516127,183.85999999999999,21.075901639344263,129.65,16,0,9,67.77999999999997
18167,2002,VIGO,122.9,148.7,2,19.4672131147541,340.64,25.86806451612903,66.3,22.828032786885245,134.78,24,1.5599999999999952,11,127.4
18167,2003,VIGO,151.9,122.9,3,18.553606557377048,190.86,23.980967741935483,180.97,20.846065573770492,264.5,14,0,15,109.86999999999998
18167,2004,VIGO,171.8,151.9,4,20.838032786885247,205.25,22.912903225806453,118.4,20.807868852459016,129.76,9,0,18,62.24000000000001
18167,2005,VIGO,157.1,171.8,5,19.684426229508198,155.36,24.613870967741935,111.2,22.61245901639344,221.92000000000002,21,1.0200000000000031,10,77.17
18167,2006,VIGO,152.6,157.1,6,19.351967213114754,236.75,24.89516129032258,104.63,20.884754098360656,191.96,17,0,6,56.11
18167,2007,VIGO,158.7,152.6,7,21.69295081967213,170.97,22.76258064516129,92,23.802459016393442,143.34,12,0,11,71.25
18167,2008,VIGO,138,158.7,8,19.147868852459016,492.51,23.833225806451612,124.35000000000001,21.428196721311476,140,17,0,16,227.19
18167,2009,VIGO,151,138,9,20.33,317.81,21.443870967741937,94.44,20.80295081967213,112.38000000000001,3,0,11,90.65
18167,2010,VIGO,151.7,151,10,21.301639344262295,328.15,25.49225806451613,140.57,22.892295081967212,56.36,24,0,10,90.56
18167,2011,VIGO,139.5,151.7,11,20.24327868852459,264.40999999999997,26.760967741935485,71.3,21.16245901639344,122.25,27,6.499999999999993,16,64.9
18167,2012,VIGO,65.9,139.5,12,21.841639344262294,59.519999999999996,28.43,16.88,21.19311475409836,232.48,30,55.129999999999995,18,33.29
18167,2013,VIGO,159.8,65.9,13,20.1772131147541,335.08,23.060967741935485,84.48,21.61016393442623,59.72,10,0,18,93.80999999999999
18167,2018,VIGO,176.4,186.7,18,23.372295081967213,223.51,24.151612903225807,96.72,23.01967213114754,289,21,0,7,92.6
18167,2019,VIGO,171.7,176.4,19,19.87934426229508,316.85,25.163548387096775,94.27000000000001,22.74360655737705,143.27,21,0,9,112.05999999999997
18167,2020,VIGO,176.7,171.7,20,19.450327868852458,203.99,25.213225806451614,173.85,21.03311475409836,63.75,23,0,17,77.22999999999999
18167,2021,VIGO,186.7,176.7,21,19.888360655737706,268.92,24.210967741935484,135.45,22.90770491803279,142.9,14,0,11,70.46000000000001
18169,2001,WABASH,161,136.3,1,18.65590163934426,234.41,22.671612903225807,135.45,20.0127868852459,227.71,12,0,8,55.83000000000001
18169,2002,WABASH,100.9,161,2,17.811639344262296,180.2,24.649032258064516,64.94,21.757213114754098,155.33,23,0.240000000000002,11,66.9
18169,2003,WABASH,148.8,100.9,3,17.432950819672133,279.54,22.434838709677418,278.76,20.193934426229507,373.85,7,0,6,204.20999999999998
18169,2004,WABASH,168.4,148.8,4,18.81,335.48,21.683870967741935,108.28999999999999,19.437868852459015,190.52,7,0,7,114.46000000000001
18169,2005,WABASH,165.5,168.4,5,18.409016393442624,122.72,23.571935483870966,117.13000000000001,21.73672131147541,191.23,16,0,10,44.74
18169,2006,WABASH,159.9,165.5,6,17.67360655737705,251.89,23.74,116.42,19.465573770491805,180.68,11,0,6,85.69
18169,2007,WABASH,152.6,159.9,7,20.181967213114753,110.75999999999999,21.788709677419355,72.76,21.595901639344262,284.42,8,0,7,40.88000000000001
18169,2008,WABASH,149,152.6,8,17.604262295081966,250.12,22.446774193548386,66.46000000000001,20.3727868852459,129.49,6,0,16,53.4
18169,2009,WABASH,173,149,9,18.402622950819673,178.96,20.298387096774192,70.6,19.67065573770492,135.51,1,0,5,51.03
18169,2010,WABASH,161.8,173,10,20.09918032786885,318.39,24.198387096774194,101.98,21.16655737704918,105.47,19,0,9,54.620000000000005
18169,2013,WABASH,178.8,105.4,13,19.33360655737705,249.67,22.032258064516128,85.26,19.598032786885245,127.23,7,0,12,79.75999999999999
18169,2014,WABASH,181,178.8,14,19.014754098360655,243.52,20.04193548387097,40.5,19.40344262295082,232.49,1,0,11,73.71000000000001
18169,2015,WABASH,135.3,181,15,19.193934426229507,405.84000000000003,21.759032258064515,127.69,20.59032786885246,127.8,4,0,6,111.24000000000004
18169,2016,WABASH,177.3,135.3,16,18.387540983606556,236.95,23.387096774193548,79.27000000000001,22.32639344262295,247.29000000000002,16,0,13,52.56999999999999
18169,2017,WABASH,174.3,177.3,17,18.105901639344264,325.12,22.708387096774192,155.19,19.698196721311476,105.59,4,0,12,81.88
18169,2018,WABASH,201.4,174.3,18,21.08967213114754,214.11,22.989032258064515,111.03,21.652295081967214,250.88,13,0,5,83.76
18169,2019,WABASH,184.4,201.4,19,18.362459016393444,244.41,24.69516129032258,88.8,21.25,161.45999999999998,20,0,7,56.04999999999998
18169,2020,WABASH,174.2,184.4,20,18.272131147540982,177.77,24.43258064516129,78.75999999999999,19.965901639344263,122.79,17,0,12,77.15
18169,2021,WABASH,189,174.2,21,18.578032786885245,241.21,22.726774193548387,89.98,21.624426229508195,174.35,8,0,11,62.910000000000004
18171,2001,WARREN,154.1,137.6,1,19.34295081967213,148.93,23.123870967741937,135.99,20.15754098360656,195.95,15,0,8,60.650000000000006
18171,2002,WARREN,149.3,154.1,2,18.665737704918033,236.3,24.820645161290322,124.24000000000001,21.344426229508198,252.83,22,0.509999999999998,11,79.75999999999999
18171,2003,WARREN,155.4,149.3,3,17.651147540983608,209.13,22.704516129032257,222.56,20.122131147540983,314.19,10,0,9,121.79000000000002
18171,2004,WARREN,170.8,155.4,4,19.688196721311474,365.83,21.98,110.82000000000001,19.784590163934425,133.04,4,0,7,155.34
18171,2005,WARREN,158.6,170.8,5,19.39967213114754,126.76,23.679032258064517,152.9,22.105409836065576,180.19,14,0,8,66.43
18171,2006,WARREN,169.1,158.6,6,18.328196721311475,188.92000000000002,24.127741935483872,153.81,19.731311475409836,187.01,14,0,7,64.05000000000001
18171,2007,WARREN,167.7,169.1,7,20.736229508196722,132.78,21.759032258064515,59.22,22.464918032786883,147.42,7,0,8,44.67
18171,2008,WARREN,181,167.7,8,18.191475409836066,322.19,22.67,118.03,20.192295081967213,155.17,8,0,15,103.87
18171,2009,WARREN,187,181,9,19.236065573770492,252.5,20.47967741935484,94.94,19.59409836065574,126.03,0,0,11,102.62
18171,2010,WARREN,162.6,187,10,20.643770491803277,362.76,24.561612903225807,94.36,21.62934426229508,127.39999999999999,18,0,9,76.55000000000001
18171,2011,WARREN,159.9,162.6,11,19.464426229508195,249.32,25.821290322580644,53.379999999999995,19.99639344262295,171.35,24,4.630000000000003,16,87.05000000000001
18171,2012,WARREN,110.4,159.9,12,20.932622950819674,129.36,26.58451612903226,32.39,19.73950819672131,268.78000000000003,28,22.759999999999998,7,28.840000000000003
18171,2013,WARREN,184.4,110.4,13,19.69344262295082,219.26,21.907096774193548,80.81,20.618688524590162,106.39999999999999,8,0,17,63.61
18171,2014,WARREN,209.5,184.4,14,19.665409836065574,263.90999999999997,20.203225806451613,110.92,19.661803278688524,222.06,1,0,7,75.14999999999998
18171,2015,WARREN,178.7,209.5,15,19.83016393442623,373.08,22.269032258064517,148.85999999999999,20.82655737704918,150.34,6,0,7,84.09999999999997
18171,2016,WARREN,212.3,178.7,16,19.32245901639344,190.29999999999998,23.146774193548385,140.78,22.36885245901639,252.97,9,0,18,77.089999999999975
18171,2017,WARREN,206,212.3,17,18.719016393442622,278.59,23.296774193548387,107.63,19.965901639344263,123.81,10,0,9,76.67
18171,2018,WARREN,206.4,206,18,21.938852459016392,237.35999999999999,22.733225806451614,68.61,21.85688524590164,232.25,9,0,6,66.72999999999998
18171,2019,WARREN,192.4,206.4,19,18.717868852459016,225.75,24.348387096774193,72.99,21.46344262295082,145.43,18,0,12,57.47999999999999
18171,2020,WARREN,206.6,192.4,20,18.804426229508195,204.6,24.196451612903225,110.69,19.90655737704918,106.62,17,0,10,68.04
18171,2021,WARREN,191.6,206.6,21,19.102459016393443,298.68,22.831290322580646,129.74,22.058360655737705,146.32,11,0,11,103.57
18173,2001,WARRICK,150.8,153.6,1,20.965081967213116,182.99,25.129677419354838,142.26,22.30311475409836,209.39000000000001,21,0.030000000000001137,7,76.19999999999999
18173,2002,WARRICK,93.4,150.8,2,20.818852459016394,242.01,26.669677419354837,68.62,24.26967213114754,189.41,27,0.46999999999999886,12,76.52
18173,2003,WARRICK,117.5,93.4,3,19.42950819672131,292.95,24.92483870967742,90.74,22.169999999999998,141.15,21,0,17,88.38
18173,2004,WARRICK,136.7,117.5,4,22.02885245901639,277.85,23.92774193548387,140.55,21.597868852459015,108.82,12,0,14,111.71
18173,2005,WARRICK,143.9,136.7,5,20.70393442622951,162.54,25.252903225806453,89.71,24.17377049180328,234.02,22,0.4200000000000017,16,74.96
18173,2006,WARRICK,143.6,143.9,6,20.32688524590164,256.87,25.45774193548387,150.82999999999998,21.83967213114754,393.79,22,0,7,97.75
18173,2007,WARRICK,141.7,143.6,7,22.292786885245903,120.72,24.17322580645161,72.81,25.18606557377049,105.33,19,0,11,36.379999999999995
18173,2008,WARRICK,142,141.7,8,20.654754098360655,253.25,24.84774193548387,93.61,22.651803278688526,57.31,18,0,24,66.9
18173,2009,WARRICK,169,142,9,21.714426229508195,233.13,22.849032258064515,161.03,22.125737704918034,226.23,7,0,7,54.120000000000005
18173,2010,WARRICK,142.7,169,10,23.17606557377049,207.87,26.51967741935484,131.08,24.104918032786884,45.62,27,0.28000000000000114,9,90.46000000000001
18173,2011,WARRICK,139.1,142.7,11,21.128032786885246,362.43,27.449354838709677,164.92,22.134590163934426,190.92,30,4.650000000000013,11,129.89
18173,2012,WARRICK,51.1,139.1,12,22.841475409836065,106.25999999999999,28.57483870967742,50.089999999999996,22.139180327868853,241.13,31,51.470000000000006,10,54.449999999999996
18173,2013,WARRICK,183.6,51.1,13,21.147704918032787,270.1,23.91483870967742,124.97999999999999,22.62327868852459,125.49,14,0,13,65.29
18173,2014,WARRICK,175.4,183.6,14,21.82934426229508,206.34,22.79,68.76,22.325573770491804,190.42000000000002,11,0,11,71.03
18173,2015,WARRICK,151.9,175.4,15,21.94606557377049,304.64,25.55258064516129,162.06,22.463934426229507,98.89,18,0,11,129.82999999999998
18173,2016,WARRICK,134.6,151.9,16,21.09229508196721,187.59,25.551290322580645,222.99,24.007377049180327,130.2,22,0,5,141.56000000000003
18173,2017,WARRICK,182.4,134.6,17,21.068360655737706,201.89,25.688709677419354,107.96,21.849508196721313,152.92,25,0.9300000000000139,9,60.78
18173,2018,WARRICK,161.2,182.4,18,23.885409836065573,367.75,25.31741935483871,64.14,23.928032786885247,245.93,23,0.28000000000000114,10,120.18000000000002
18173,2019,WARRICK,156.4,161.2,19,21.353770491803278,405.78000000000003,25.499032258064517,106.65,24.081147540983608,139.79,23,0,9,91.16
18173,2020,WARRICK,176.9,156.4,20,20.35327868852459,313.79,26.145806451612902,154.6,22.00655737704918,207.27,26,0,7,109.94000000000003
18175,2001,WASHINGTON,144.7,144.7,1,19.635573770491803,237.73,23.876774193548385,107.7,21.01672131147541,201.74,15,0,8,46.40999999999998
18175,2002,WASHINGTON,64,144.7,2,19.44344262295082,289.12,25.17290322580645,45.779999999999994,23.131967213114756,195.19,24,0,12,82.72
18175,2003,WASHINGTON,138.8,64,3,18.318032786885247,254.19,23.203225806451613,129.16,20.881967213114756,193.45000000000002,8,0,17,79.67999999999999
18175,2004,WASHINGTON,141.1,138.8,4,20.99606557377049,324.65,22.731612903225805,124.31,20.437868852459015,102.52,11,0,14,132.20999999999998
18175,2005,WASHINGTON,124.5,141.1,5,19.44704918032787,185.46,23.97806451612903,92.42,22.955737704918032,212.53,18,0,17,86.95000000000002
18175,2006,WASHINGTON,143,124.5,6,18.628360655737705,250.48999999999998,24.07709677419355,101.27,20.67590163934426,339.43,14,0,6,61.73999999999995
18175,2007,WASHINGTON,147.1,143,7,20.901803278688526,118.38,22.61741935483871,107.7,23.991803278688526,115.51,14,0,11,40.09
18175,2008,WASHINGTON,132,147.1,8,19.450655737704917,270.2,23.54806451612903,100.12,21.468032786885246,129.79,14,0,25,67.05
18175,2009,WASHINGTON,162,132,9,20.07918032786885,317.91,21.15064516129032,181.85,20.720983606557375,245.12,0,0,8,81.41999999999996
18175,2010,WASHINGTON,123.6,162,10,21.597704918032786,319.08,25.34193548387097,87.59,22.667704918032786,51.92,24,0,9,76.86999999999999
18175,2011,WASHINGTON,123.1,123.6,11,20.025245901639344,347.21,26.316774193548387,58.129999999999995,20.92688524590164,211.5,26,0.46000000000000796,12,94.24
18175,2012,WASHINGTON,57.5,123.1,12,21.514426229508196,139.63,27.28258064516129,92.39999999999999,20.908688524590165,220.49,28,30.680000000000014,10,60.33
18175,2013,WASHINGTON,146.1,57.5,13,20.18639344262295,290.76,22.80548387096774,103.01,21.37934426229508,119.89,12,0,8,101.53
18175,2014,WASHINGTON,180,146.1,14,20.799180327868854,201.57,21.563870967741934,120.91,20.93016393442623,199.46,8,0,10,73.76
18175,2015,WASHINGTON,156,180,15,20.707049180327868,283.85,23.810645161290324,181.01,21.375409836065575,102.92,12,0,11,110.19000000000003
18175,2016,WASHINGTON,147.8,156,16,19.979508196721312,229.13,24.605806451612903,140.22,23.242786885245902,208.7,15,0,6,74.81
18175,2017,WASHINGTON,172.6,147.8,17,19.65573770491803,252.35,24.113870967741935,147.57999999999998,20.835409836065573,140.99,14,0,10,66.66999999999999
18175,2018,WASHINGTON,184.1,172.6,18,22.7,284.97,23.90032258064516,86.77,22.924590163934425,331.59,17,0,11,76.46000000000001
18175,2019,WASHINGTON,135.4,184.1,19,20.21295081967213,400.88,24.75,82.5,23.099344262295084,103.92999999999999,23,0,7,117.25
18175,2020,WASHINGTON,172.9,135.4,20,19.172295081967214,225.17,25.068387096774195,170.39000000000001,20.81737704918033,188.78,25,0,10,88.57999999999998
18177,2001,WAYNE,158.8,157.8,1,18.60311475409836,262.52,22.5058064516129,177.39000000000001,19.811311475409838,230.22,11,0,10,68.12
18177,2002,WAYNE,89,158.8,2,18.21950819672131,252.18,24.481935483870966,38.75,22.17754098360656,149.11,22,0,9,68.05
18177,2003,WAYNE,147.7,89,3,17.25409836065574,269.53,22.000645161290322,261.79,19.77344262295082,299.98,7,0,10,179.03999999999996
18177,2004,WAYNE,160.3,147.7,4,19.489016393442622,296.11,21.86193548387097,103.4,19.596065573770492,99.84,8,0,12,83.09
18177,2005,WAYNE,148.5,160.3,5,18.258196721311474,182.28,23.234193548387097,89.26,21.750819672131147,228.17000000000002,12,0,10,70.89
18177,2006,WAYNE,156,148.5,6,17.533770491803278,274.33,23.571612903225805,168.39000000000001,19.625245901639346,207.23,13,0,11,63.39
18177,2007,WAYNE,118.7,156,7,20.18409836065574,105.91,21.43225806451613,56.519999999999996,22.31754098360656,196.51,5,0,7,31.939999999999998
18177,2008,WAYNE,151,118.7,8,17.828852459016392,328.76,21.993548387096773,108.81,20.454426229508197,88.35000000000001,7,0,16,91.44000000000003
18177,2009,WAYNE,184,151,9,18.591311475409835,233.49,20.20032258064516,90.87,19.65377049180328,171.5,1,0,9,57.69000000000001
18177,2010,WAYNE,160.3,184,10,20.115409836065574,335.67,24.155483870967743,86.63,21.374262295081966,68.89,20,0,9,67.96999999999997
18177,2011,WAYNE,118.7,160.3,11,18.915737704918033,239.57,25.91516129032258,42.089999999999996,19.944098360655737,238.89,27,3.940000000000005,8,60.37
18177,2012,WAYNE,79.8,118.7,12,20.33049180327869,95.88,26.015806451612903,63.36,19.421147540983608,291.13,27,11.479999999999997,12,38.41
18177,2013,WAYNE,177.3,79.8,13,19.42622950819672,216.2,22.16548387096774,75.34,20.139508196721312,125.33,9,0,12,49.71000000000001
18177,2014,WAYNE,185.2,177.3,14,19.499016393442623,275.83,20.09548387096774,74.08,19.66,181.74,2,0,10,82.94
18177,2015,WAYNE,161.2,185.2,15,19.77622950819672,327.34,22.273870967741935,127.98,20.429344262295082,95.32,6,0,6,80.26999999999998
18177,2016,WAYNE,167.2,161.2,16,18.844918032786886,161.52,23.35967741935484,107.64999999999999,22.425245901639343,259.71,12,0,11,42.900000000000006
18177,2017,WAYNE,171.9,167.2,17,18.282459016393442,348.37,22.77193548387097,197.06,19.893770491803277,124.81,7,0,10,79.52
18177,2018,WAYNE,191.7,171.9,18,21.701639344262293,186.28,22.89290322580645,151.11,21.98032786885246,314.67,12,0,5,91.15999999999997
18177,2019,WAYNE,167.4,191.7,19,18.41639344262295,273.67,23.826129032258063,109.97,21.264754098360655,101.29,15,0,7,96.43999999999997
18177,2020,WAYNE,186.6,167.4,20,18.204426229508197,207.24,24.329677419354837,150.33,19.858196721311476,108.05,18,0,9,70.41
18177,2021,WAYNE,202.3,186.6,21,18.148524590163934,265.96,22.480967741935483,121.61,21.53327868852459,172.5,10,0,8,73.4
18179,2001,WELLS,164.5,140.9,1,18.742131147540984,215.8,22.73709677419355,141.85,19.86672131147541,205.04,12,0,10,51.46999999999997
18179,2002,WELLS,97.2,164.5,2,18.075081967213116,186.58,24.87322580645161,88.07,21.78049180327869,156.41,22,0.13000000000000256,9,61.44
18179,2003,WELLS,134.5,97.2,3,17.09934426229508,300.04,22.353870967741937,256.36,19.8372131147541,317.06,7,0,8,190.76
18179,2004,WELLS,168,134.5,4,19.067377049180326,306.15,21.851290322580645,120,19.59,187.1,7,0,5,114.53999999999999
18179,2005,WELLS,151.1,168,5,18.435737704918033,110.63,23.804516129032258,109.92,21.70606557377049,185.99,17,0,9,37.290000000000006
18179,2006,WELLS,154.4,151.1,6,17.77344262295082,241.58,23.870645161290323,95.15,19.50344262295082,159.99,12,0,7,78.10000000000001
18179,2007,WELLS,135.2,154.4,7,20.269180327868852,86.04,21.810967741935485,65.23,21.696229508196723,274.91,7,0,7,36.05000000000001
18179,2008,WELLS,158,135.2,8,17.901967213114755,267.04,22.565161290322582,78.58,20.557704918032787,106.03,8,0,16,56.86
18179,2009,WELLS,179,158,9,18.548688524590165,184.65,20.44483870967742,74.64,19.65311475409836,108.98,1,0,9,41.61
18179,2010,WELLS,156.8,179,10,20.17967213114754,339.38,24.483870967741936,111.61,21.395901639344263,117.24000000000001,20,0,9,68.11000000000001
18179,2011,WELLS,147.6,156.8,11,19.218360655737705,296.27,26.148709677419355,30.259999999999998,19.738032786885245,248.5,28,6.230000000000004,10,88.72999999999999
18179,2012,WELLS,122,147.6,12,20.67950819672131,96.86,25.988387096774193,90.64,19.429180327868853,222.71,25,13.04,12,40.91000000000001
18179,2015,WELLS,112.5,189.9,15,19.068032786885247,449.57,21.72483870967742,206.27,20.455901639344262,154.87,4,0,6,129.72
18179,2018,WELLS,204.1,185.1,18,21.194426229508196,235.28,22.59709677419355,89.09,21.43377049180328,244.44,12,0,10,92.69000000000001
18179,2021,WELLS,218.9,188.5,21,18.527377049180327,219.49,22.57,118.86,21.620983606557377,193.43,9,0,8,69.38
18181,2001,WHITE,166.2,149.1,1,18.834098360655737,205.85,22.822903225806453,161.78,19.80049180327869,173.37,14,0,8,63.31999999999999
18181,2002,WHITE,160.6,166.2,2,18.17688524590164,186.65,24.614838709677418,116.76,21.17032786885246,149.35,22,0.10999999999999943,11,68.21000000000001
18181,2003,WHITE,139.7,160.6,3,17.19688524590164,234.97,22.22193548387097,307.84000000000003,19.968360655737705,247.82,8,0,12,189.43000000000004
18181,2004,WHITE,175.9,139.7,4,19.020491803278688,324.35,21.655483870967743,106.69,19.208852459016395,212.07,5,0,7,123.28000000000003
18181,2005,WHITE,175.1,175.9,5,18.879180327868852,103.36,23.35516129032258,118.98,21.69360655737705,242.05,13,0,8,44.24000000000001
18181,2006,WHITE,159.8,175.1,6,17.911803278688524,220.09,23.96,146.23,19.668852459016392,204.77,13,0,5,69.47999999999999
18181,2007,WHITE,175.3,159.8,7,20.139016393442624,149.77,21.491935483870968,89.61,21.77032786885246,198.81,5,0,7,46
18181,2008,WHITE,191,175.3,8,17.84639344262295,251.74,22.515483870967742,98.32,19.97016393442623,219.84,8,0,7,66.09999999999998
18181,2009,WHITE,181,191,9,18.910983606557377,245.76000000000002,20.346451612903227,61.09,19.44049180327869,113.38,0,0,11,94.63
18181,2010,WHITE,167,181,10,20.101639344262296,366.01,24.14483870967742,114.06,21.285409836065575,135.22,17,0,9,75.95999999999998
18181,2011,WHITE,168.5,167,11,19.35360655737705,301.21,25.646774193548385,97.59,19.650327868852457,200.12,24,4,10,85.82000000000001
18181,2012,WHITE,115.6,168.5,12,20.774262295081968,114.29,26.225483870967743,48.69,19.570983606557377,205.65,28,18.810000000000002,6,27.590000000000003
18181,2013,WHITE,184.1,115.6,13,19.533770491803278,272.96,22.056451612903228,57.489999999999995,20.24032786885246,151.92,8,0,9,77.94000000000001
18181,2014,WHITE,194.2,184.1,14,19.4455737704918,290.07,20.06967741935484,75.50999999999999,19.545573770491803,329.74,3,0,7,81.51
18181,2015,WHITE,128,194.2,15,19.378032786885246,426.47,22.019032258064517,153.33,20.744590163934426,135.78,7,0,6,96.05000000000001
18181,2016,WHITE,189.2,128,16,18.82262295081967,165.35999999999999,22.836129032258064,148.09,22.138360655737706,304.28000000000003,10,0,13,74.12
18181,2017,WHITE,185.4,189.2,17,18.160819672131147,304.95,22.81741935483871,154.01,19.57934426229508,134.63,7,0,13,76.56
18181,2018,WHITE,196.9,185.4,18,21.370983606557377,287.76,22.58483870967742,58.62,21.49655737704918,216.32,9,0,6,101.91
18181,2019,WHITE,177.8,196.9,19,18.150491803278687,242.78,24.288709677419355,59.43,21.027377049180327,168.46,18,0,12,46.81
18181,2020,WHITE,178.5,177.8,20,18.570819672131147,190.04,24.14774193548387,73.88,19.71295081967213,124.54,15,0,10,63.970000000000006
18183,2001,WHITLEY,158.9,138.5,1,18.172459016393443,197.7,22.278387096774193,121.14999999999999,19.545081967213115,222.47,12,0,10,54.45999999999998
18183,2002,WHITLEY,115.8,158.9,2,17.360819672131147,194.22,24.373548387096776,74.63,21.14032786885246,124.38,19,0,11,73.85
18183,2003,WHITLEY,161.1,115.8,3,16.750819672131147,245.6,22.07483870967742,230.97,19.58639344262295,300.21,6,0,6,156.29
18183,2004,WHITLEY,159.8,161.1,4,18.491147540983608,320.29,21.530322580645162,126.95,19.05934426229508,198.25,5,0,4,99.48000000000002
18183,2005,WHITLEY,156,159.8,5,17.99639344262295,123.32,23.51967741935484,117.63,21.28016393442623,155.45,17,0,9,46.730000000000004
18183,2006,WHITLEY,161.3,156,6,17.380327868852458,235.35,23.475161290322582,106.52,19.073442622950818,180.39000000000001,10,0,7,89.24000000000001
18183,2007,WHITLEY,162.3,161.3,7,19.757704918032786,98.08,21.690967741935484,84.08,21.113114754098362,230.25,8,0,10,47.34
18183,2008,WHITLEY,133,162.3,8,17.238032786885245,249.59,22.260645161290324,65.43,20.228524590163936,145.7,7,0,13,48.019999999999996
18183,2009,WHITLEY,170,133,9,17.931311475409835,186.10999999999999,19.58290322580645,86.59,19.030819672131148,211.8,0,0,6,56.16
18183,2010,WHITLEY,153.7,170,10,19.45983606557377,306.86,23.941935483870967,88.97,20.642459016393442,86.74,17,0,9,57.08999999999999
18183,2011,WHITLEY,115.3,153.7,11,18.63344262295082,250.96,25.33451612903226,34.01,19.10344262295082,205.13,25,3.5100000000000122,8,83.7
18183,2012,WHITLEY,96.4,115.3,12,19.887540983606556,66.56,25.843870967741935,102.57,18.655081967213114,175.49,22,13.529999999999994,12,48.66
18183,2013,WHITLEY,181,96.4,13,19.014262295081966,259.74,21.816774193548387,61.6,19.297213114754097,154.96,7,0,8,86.55000000000001
18183,2014,WHITLEY,183.1,181,14,18.617540983606556,237.47,19.635806451612904,54.06,19.042950819672132,219.36,1,0,7,86.15
18183,2015,WHITLEY,138.8,183.1,15,18.71295081967213,326.69,20.963870967741936,154.87,20.00344262295082,142.85999999999999,4,0,6,87.68
18183,2016,WHITLEY,161.2,138.8,16,17.918852459016392,242.34,22.81806451612903,53.76,21.64409836065574,245.4,12,0,13,57.81
18183,2017,WHITLEY,175,161.2,17,17.61655737704918,328.89,22.00709677419355,149.73000000000002,19.064590163934426,127.07,3,0,7,72.36
18183,2018,WHITLEY,180.7,175,18,20.4127868852459,206.32,22.596774193548388,114.6,21.255081967213115,255.97,12,0,10,93.19999999999999
18183,2019,WHITLEY,174.1,180.7,19,17.812295081967214,219.36,24.200967741935486,102.84,20.6955737704918,226.66,16,0,7,41.400000000000006
18183,2020,WHITLEY,159.6,174.1,20,17.747868852459018,180.3,24.037096774193547,66.78,19.61639344262295,134.1,15,0,17,84.65
18183,2021,WHITLEY,200.4,159.6,21,18.22606557377049,239.82,22.350322580645162,141.77,21.180819672131147,195.71,8,0,11,64.75999999999999
